experiment_name,iteration,fold,model,split,tp,tn,fp,fn,accuracy,precision,recall,f1,specificity,fpr,balanced_accuracy,geometric_mean,mcc,kappa,roc_auc,average_precision,fold_size,cv_tuning_mean_train_score,cv_tuning_std_train_score,cv_tuning_mean_val_score,cv_tuning_std_val_score,best_params,tuning_time,selected_features_indices,selected_features_names
CostSensitiveLearning_ClusterCentroids___RandomizedSearchCV__niter_30__cv_5,1,1,MLPClassifier,resubstitution,354,22122,12,72,0.9962765957446809,0.9672131147540983,0.8309859154929577,0.8939393939393939,0.9994578476551911,0.0005421523448089216,0.9152218815740745,0.911337146466866,0.8947189723789203,0.8920554979104208,0.9749917383279223,0.8822685392566839,22560,0.8944205643974863,0.008447830648987732,0.8851329711562856,0.02016593913060667,"{'classifier__alpha': np.float64(1.116602913398134e-05), 'classifier__batch_size': 32, 'classifier__hidden_layer_sizes': (64, 32), 'classifier__learning_rate_init': np.float64(0.0003034247005811288), 'feature_selection_filter__k': 26}",52.98994159698486,"[0, 1, 2, 3, 4, 5, 6, 7, 8, 9, 10, 11, 12, 14, 16, 17, 18, 19, 20, 21, 22, 23, 24, 27, 28, 29]","['Amount_log1p', 'V1', 'V2', 'V3', 'V4', 'V5', 'V6', 'V7', 'V8', 'V9', 'V10', 'V11', 'V12', 'V14', 'V16', 'V17', 'V18', 'V19', 'V20', 'V21', 'V22', 'V23', 'V24', 'V27', 'V28', 'Time_sin']"
CostSensitiveLearning_ClusterCentroids___RandomizedSearchCV__niter_30__cv_5,1,2,MLPClassifier,resubstitution,364,22118,16,62,0.9965425531914893,0.9578947368421052,0.8544600938967136,0.9032258064516129,0.9992771302069214,0.0007228697930785621,0.9268686120518175,0.9240359465439885,0.9029971940618986,0.9014714775246926,0.9876707005685812,0.9077093494169529,22560,0.8983297789377461,0.00668162374526982,0.8919875037629437,0.023003163258418603,"{'classifier__alpha': np.float64(9.540494380067597e-05), 'classifier__batch_size': 16, 'classifier__hidden_layer_sizes': (128, 64), 'classifier__learning_rate_init': np.float64(0.00013796246234614354), 'feature_selection_filter__k': 24}",55.24828290939331,"[0, 1, 2, 3, 4, 5, 6, 7, 8, 9, 10, 11, 12, 14, 16, 17, 18, 19, 20, 21, 23, 27, 28, 29]","['Amount_log1p', 'V1', 'V2', 'V3', 'V4', 'V5', 'V6', 'V7', 'V8', 'V9', 'V10', 'V11', 'V12', 'V14', 'V16', 'V17', 'V18', 'V19', 'V20', 'V21', 'V23', 'V27', 'V28', 'Time_sin']"
CostSensitiveLearning_ClusterCentroids___RandomizedSearchCV__niter_30__cv_5,1,3,MLPClassifier,resubstitution,368,22113,21,58,0.9964982269503546,0.9460154241645244,0.863849765258216,0.9030674846625767,0.9990512333965844,0.000948766603415585,0.9314504993274002,0.928994172990644,0.9022528910449009,0.9012881327093722,0.9827194242834192,0.9015222180841439,22560,0.8995729726706457,0.012356820378973407,0.8931236178472511,0.028426871923977175,"{'classifier__alpha': np.float64(0.0036395420207923092), 'classifier__batch_size': 16, 'classifier__hidden_layer_sizes': (128, 64, 32), 'classifier__learning_rate_init': np.float64(0.0001189489423098656), 'feature_selection_filter__k': 26}",56.98331928253174,"[0, 1, 2, 3, 4, 5, 6, 7, 8, 9, 10, 11, 12, 14, 16, 17, 18, 19, 20, 21, 22, 23, 24, 27, 28, 29]","['Amount_log1p', 'V1', 'V2', 'V3', 'V4', 'V5', 'V6', 'V7', 'V8', 'V9', 'V10', 'V11', 'V12', 'V14', 'V16', 'V17', 'V18', 'V19', 'V20', 'V21', 'V22', 'V23', 'V24', 'V27', 'V28', 'Time_sin']"
CostSensitiveLearning_ClusterCentroids___RandomizedSearchCV__niter_30__cv_5,1,4,MLPClassifier,resubstitution,347,22126,8,79,0.9961436170212766,0.9774647887323944,0.8145539906103286,0.8886043533930857,0.9996385651034607,0.00036143489653928107,0.9070962778568947,0.9023633316868581,0.8904761956282771,0.8866586975728912,0.9582835405857028,0.8781314400280097,22560,0.9092790388676599,0.008528644573300114,0.8926073619631903,0.025445779092112264,"{'classifier__alpha': np.float64(0.00024329458167704672), 'classifier__batch_size': 32, 'classifier__hidden_layer_sizes': (128, 64, 32), 'classifier__learning_rate_init': np.float64(0.00039153886843836753), 'feature_selection_filter__k': 26}",57.4543035030365,"[0, 1, 2, 3, 4, 5, 6, 7, 8, 9, 10, 11, 12, 14, 16, 17, 18, 19, 20, 21, 23, 24, 26, 27, 28, 29]","['Amount_log1p', 'V1', 'V2', 'V3', 'V4', 'V5', 'V6', 'V7', 'V8', 'V9', 'V10', 'V11', 'V12', 'V14', 'V16', 'V17', 'V18', 'V19', 'V20', 'V21', 'V23', 'V24', 'V26', 'V27', 'V28', 'Time_sin']"
CostSensitiveLearning_ClusterCentroids___RandomizedSearchCV__niter_30__cv_5,1,5,MLPClassifier,resubstitution,375,22121,14,50,0.9971631205673759,0.9640102827763496,0.8823529411764706,0.9213759213759214,0.9993675175062119,0.0006324824937881113,0.9408602293413413,0.9390393327160657,0.9208686846043319,0.9199342989232632,0.9915500338829907,0.9407562448796423,22560,0.8983191828379832,0.007999864672773306,0.8994031126842016,0.012587492465028716,"{'classifier__alpha': np.float64(0.0016220987916890685), 'classifier__batch_size': 32, 'classifier__hidden_layer_sizes': (128, 32), 'classifier__learning_rate_init': np.float64(0.0007884449708110227), 'feature_selection_filter__k': 'all'}",56.579394578933716,"[0, 1, 2, 3, 4, 5, 6, 7, 8, 9, 10, 11, 12, 13, 14, 15, 16, 17, 18, 19, 20, 21, 22, 23, 24, 25, 26, 27, 28, 29, 30]","['Amount_log1p', 'V1', 'V2', 'V3', 'V4', 'V5', 'V6', 'V7', 'V8', 'V9', 'V10', 'V11', 'V12', 'V13', 'V14', 'V15', 'V16', 'V17', 'V18', 'V19', 'V20', 'V21', 'V22', 'V23', 'V24', 'V25', 'V26', 'V27', 'V28', 'Time_sin', 'Time_cos']"
CostSensitiveLearning_ClusterCentroids___RandomizedSearchCV__niter_30__cv_5,1,6,MLPClassifier,resubstitution,417,22082,53,8,0.9972960992907801,0.8872340425531915,0.9811764705882353,0.9318435754189944,0.9976056019878021,0.0023943980121978736,0.9893910362880187,0.989356934375781,0.931694319175423,0.9304678223699834,0.9968436466070503,0.9855925117854978,22560,0.9122444795938864,0.0155549457470388,0.899259601953655,0.01350126583477306,"{'classifier__alpha': np.float64(0.0001641125649425513), 'classifier__batch_size': 32, 'classifier__hidden_layer_sizes': (64, 32), 'classifier__learning_rate_init': np.float64(0.0005948189917178848), 'feature_selection_filter__k': 'all'}",57.200039863586426,"[0, 1, 2, 3, 4, 5, 6, 7, 8, 9, 10, 11, 12, 13, 14, 15, 16, 17, 18, 19, 20, 21, 22, 23, 24, 25, 26, 27, 28, 29, 30]","['Amount_log1p', 'V1', 'V2', 'V3', 'V4', 'V5', 'V6', 'V7', 'V8', 'V9', 'V10', 'V11', 'V12', 'V13', 'V14', 'V15', 'V16', 'V17', 'V18', 'V19', 'V20', 'V21', 'V22', 'V23', 'V24', 'V25', 'V26', 'V27', 'V28', 'Time_sin', 'Time_cos']"
CostSensitiveLearning_ClusterCentroids___RandomizedSearchCV__niter_30__cv_5,1,7,MLPClassifier,resubstitution,384,22118,17,41,0.9974290780141843,0.9576059850374065,0.9035294117647059,0.9297820823244553,0.9992319855432573,0.0007680144567426828,0.9513806986539817,0.9501765562853982,0.9288807082762733,0.9284737759590591,0.9932112837002883,0.9571983965285542,22560,0.9076191309434382,0.012380260752423839,0.8930750289330727,0.011638913060181852,"{'classifier__alpha': np.float64(0.0005839339789218026), 'classifier__batch_size': 16, 'classifier__hidden_layer_sizes': (128, 32), 'classifier__learning_rate_init': np.float64(0.0004670578065086412), 'feature_selection_filter__k': 24}",57.28630757331848,"[0, 1, 2, 3, 4, 5, 6, 7, 8, 9, 10, 11, 12, 14, 16, 17, 18, 19, 20, 21, 24, 27, 28, 29]","['Amount_log1p', 'V1', 'V2', 'V3', 'V4', 'V5', 'V6', 'V7', 'V8', 'V9', 'V10', 'V11', 'V12', 'V14', 'V16', 'V17', 'V18', 'V19', 'V20', 'V21', 'V24', 'V27', 'V28', 'Time_sin']"
CostSensitiveLearning_ClusterCentroids___RandomizedSearchCV__niter_30__cv_5,1,8,MLPClassifier,resubstitution,344,22127,8,82,0.9960108151234431,0.9772727272727273,0.8075117370892019,0.884318766066838,0.999638581432121,0.0003614185678789683,0.9035751592606615,0.8984541654161539,0.8864681806083667,0.8823078600420552,0.9791369859091301,0.890641500856944,22561,0.9064635199958525,0.03266175367866271,0.8998620309588949,0.01558468521721879,"{'classifier__alpha': np.float64(0.0006972273874938093), 'classifier__batch_size': 64, 'classifier__hidden_layer_sizes': (128, 64), 'classifier__learning_rate_init': np.float64(0.0026014634130922054), 'feature_selection_filter__k': 'all'}",55.00480818748474,"[0, 1, 2, 3, 4, 5, 6, 7, 8, 9, 10, 11, 12, 13, 14, 15, 16, 17, 18, 19, 20, 21, 22, 23, 24, 25, 26, 27, 28, 29, 30]","['Amount_log1p', 'V1', 'V2', 'V3', 'V4', 'V5', 'V6', 'V7', 'V8', 'V9', 'V10', 'V11', 'V12', 'V13', 'V14', 'V15', 'V16', 'V17', 'V18', 'V19', 'V20', 'V21', 'V22', 'V23', 'V24', 'V25', 'V26', 'V27', 'V28', 'Time_sin', 'Time_cos']"
CostSensitiveLearning_ClusterCentroids___RandomizedSearchCV__niter_30__cv_5,1,9,MLPClassifier,resubstitution,366,22099,36,60,0.995744869465006,0.9104477611940298,0.8591549295774648,0.8840579710144928,0.9983736164445448,0.0016263835554551909,0.9287642730110048,0.92615204698171,0.8822771740854124,0.8818924894988571,0.9921785967669582,0.9196556869792644,22561,0.8974490971029736,0.014103549094180157,0.8883461440684014,0.02436859323133739,"{'classifier__alpha': np.float64(0.00024279683927009912), 'classifier__batch_size': 128, 'classifier__hidden_layer_sizes': (128, 64, 32), 'classifier__learning_rate_init': np.float64(0.0006498909461130816), 'feature_selection_filter__k': 28}",54.01439952850342,"[0, 1, 2, 3, 4, 5, 6, 7, 8, 9, 10, 11, 12, 14, 16, 17, 18, 19, 20, 21, 22, 23, 24, 25, 26, 27, 28, 29]","['Amount_log1p', 'V1', 'V2', 'V3', 'V4', 'V5', 'V6', 'V7', 'V8', 'V9', 'V10', 'V11', 'V12', 'V14', 'V16', 'V17', 'V18', 'V19', 'V20', 'V21', 'V22', 'V23', 'V24', 'V25', 'V26', 'V27', 'V28', 'Time_sin']"
CostSensitiveLearning_ClusterCentroids___RandomizedSearchCV__niter_30__cv_5,1,10,MLPClassifier,resubstitution,368,22119,16,58,0.9967200035459421,0.9583333333333334,0.863849765258216,0.908641975308642,0.9992771628642422,0.0007228371357578256,0.9315634640612291,0.9290992102935894,0.9082433325477987,0.9069765705505057,0.9857336171232651,0.9081746751992791,22561,0.9058297160605358,0.016897610493186836,0.893220010572011,0.03091970388156003,"{'classifier__alpha': np.float64(0.0040594919049424865), 'classifier__batch_size': 32, 'classifier__hidden_layer_sizes': (128, 64, 32), 'classifier__learning_rate_init': np.float64(0.0004128568119149204), 'feature_selection_filter__k': 26}",53.25753569602966,"[0, 1, 2, 3, 4, 5, 6, 7, 8, 9, 10, 11, 12, 14, 16, 17, 18, 19, 20, 21, 22, 23, 24, 27, 28, 29]","['Amount_log1p', 'V1', 'V2', 'V3', 'V4', 'V5', 'V6', 'V7', 'V8', 'V9', 'V10', 'V11', 'V12', 'V14', 'V16', 'V17', 'V18', 'V19', 'V20', 'V21', 'V22', 'V23', 'V24', 'V27', 'V28', 'Time_sin']"
CostSensitiveLearning_ClusterCentroids___RandomizedSearchCV__niter_30__cv_5,2,1,MLPClassifier,resubstitution,369,22119,15,57,0.9968085106382979,0.9609375,0.8661971830985915,0.9111111111111111,0.9993223095689889,0.0006776904310110687,0.9327597463337902,0.9303817332451432,0.9107609195843259,0.9094906441570113,0.9884595364724718,0.9131785827387023,22560,0.9160148698103058,0.009165288281521343,0.8952817365798325,0.03149784488578246,"{'classifier__alpha': np.float64(0.00304462771722335), 'classifier__batch_size': 32, 'classifier__hidden_layer_sizes': (128,), 'classifier__learning_rate_init': np.float64(0.0008844471848521938), 'feature_selection_filter__k': 24}",54.61386513710022,"[0, 1, 2, 3, 4, 5, 6, 7, 8, 9, 10, 11, 12, 14, 16, 17, 18, 19, 20, 21, 23, 27, 28, 29]","['Amount_log1p', 'V1', 'V2', 'V3', 'V4', 'V5', 'V6', 'V7', 'V8', 'V9', 'V10', 'V11', 'V12', 'V14', 'V16', 'V17', 'V18', 'V19', 'V20', 'V21', 'V23', 'V27', 'V28', 'Time_sin']"
CostSensitiveLearning_ClusterCentroids___RandomizedSearchCV__niter_30__cv_5,2,2,MLPClassifier,resubstitution,373,22117,17,53,0.9968971631205674,0.9564102564102565,0.8755868544600939,0.9142156862745098,0.999231950844854,0.0007680491551459445,0.937409402652474,0.9353685694507107,0.91356133913019,0.9126388252710121,0.9936383003905788,0.9312319515930808,22560,0.8932514002409306,0.01124399100592132,0.8862686620174465,0.011477509667090671,"{'classifier__alpha': np.float64(6.024653180082263e-05), 'classifier__batch_size': 64, 'classifier__hidden_layer_sizes': (64,), 'classifier__learning_rate_init': np.float64(0.001129007816808768), 'feature_selection_filter__k': 'all'}",55.429765939712524,"[0, 1, 2, 3, 4, 5, 6, 7, 8, 9, 10, 11, 12, 13, 14, 15, 16, 17, 18, 19, 20, 21, 22, 23, 24, 25, 26, 27, 28, 29, 30]","['Amount_log1p', 'V1', 'V2', 'V3', 'V4', 'V5', 'V6', 'V7', 'V8', 'V9', 'V10', 'V11', 'V12', 'V13', 'V14', 'V15', 'V16', 'V17', 'V18', 'V19', 'V20', 'V21', 'V22', 'V23', 'V24', 'V25', 'V26', 'V27', 'V28', 'Time_sin', 'Time_cos']"
CostSensitiveLearning_ClusterCentroids___RandomizedSearchCV__niter_30__cv_5,2,3,MLPClassifier,resubstitution,359,22119,15,67,0.9963652482269504,0.9598930481283422,0.8427230046948356,0.8975,0.9993223095689889,0.0006776904310110687,0.9210226571319122,0.9176883454520718,0.8976249393831082,0.8956577770016637,0.9535439497622462,0.8721666236004699,22560,0.8967062259295939,0.01871362678705447,0.8935805132243985,0.02768807433293411,"{'classifier__alpha': np.float64(0.00485942565464409), 'classifier__batch_size': 64, 'classifier__hidden_layer_sizes': (32,), 'classifier__learning_rate_init': np.float64(0.006046940067958919), 'feature_selection_filter__k': 20}",54.45292115211487,"[1, 2, 3, 4, 5, 6, 7, 8, 9, 10, 11, 12, 14, 16, 17, 18, 19, 20, 21, 27]","['V1', 'V2', 'V3', 'V4', 'V5', 'V6', 'V7', 'V8', 'V9', 'V10', 'V11', 'V12', 'V14', 'V16', 'V17', 'V18', 'V19', 'V20', 'V21', 'V27']"
CostSensitiveLearning_ClusterCentroids___RandomizedSearchCV__niter_30__cv_5,2,4,MLPClassifier,resubstitution,374,22104,30,52,0.9963652482269504,0.9257425742574258,0.8779342723004695,0.9012048192771084,0.9986446191379778,0.0013553808620222485,0.9382894457192237,0.936346269811377,0.8996827630138214,0.899354710664379,0.9927633479561747,0.9335276988948875,22560,0.9005599124218655,0.005869845788230799,0.8934158771849807,0.018357800158906354,"{'classifier__alpha': np.float64(0.00022986534312421185), 'classifier__batch_size': 128, 'classifier__hidden_layer_sizes': (128,), 'classifier__learning_rate_init': np.float64(0.0013078877102702825), 'feature_selection_filter__k': 24}",52.67538261413574,"[0, 1, 2, 3, 4, 5, 6, 7, 8, 9, 10, 11, 12, 14, 16, 17, 18, 19, 20, 21, 24, 27, 28, 29]","['Amount_log1p', 'V1', 'V2', 'V3', 'V4', 'V5', 'V6', 'V7', 'V8', 'V9', 'V10', 'V11', 'V12', 'V14', 'V16', 'V17', 'V18', 'V19', 'V20', 'V21', 'V24', 'V27', 'V28', 'Time_sin']"
CostSensitiveLearning_ClusterCentroids___RandomizedSearchCV__niter_30__cv_5,2,5,MLPClassifier,resubstitution,377,22077,58,48,0.9953014184397163,0.8666666666666667,0.8870588235294118,0.8767441860465116,0.9973797153828778,0.0026202846171221594,0.9422192694561449,0.9406032516101756,0.874411012325281,0.8743495771561882,0.9919264406914787,0.9189271074306223,22560,0.8942048620083669,0.013442588632809194,0.8974373759327735,0.00879640701811244,"{'classifier__alpha': np.float64(0.00044515572708773895), 'classifier__batch_size': 16, 'classifier__hidden_layer_sizes': (128, 64), 'classifier__learning_rate_init': np.float64(0.0003393396725663462), 'feature_selection_filter__k': 28}",55.70920515060425,"[0, 1, 2, 3, 4, 5, 6, 7, 8, 9, 10, 11, 12, 14, 16, 17, 18, 19, 20, 21, 22, 23, 24, 26, 27, 28, 29, 30]","['Amount_log1p', 'V1', 'V2', 'V3', 'V4', 'V5', 'V6', 'V7', 'V8', 'V9', 'V10', 'V11', 'V12', 'V14', 'V16', 'V17', 'V18', 'V19', 'V20', 'V21', 'V22', 'V23', 'V24', 'V26', 'V27', 'V28', 'Time_sin', 'Time_cos']"
CostSensitiveLearning_ClusterCentroids___RandomizedSearchCV__niter_30__cv_5,2,6,MLPClassifier,resubstitution,361,22116,19,64,0.9963209219858156,0.95,0.8494117647058823,0.8968944099378882,0.9991416309012876,0.0008583690987123971,0.924276697803585,0.9212397385561351,0.8964804738109179,0.8950274136945139,0.982213210380154,0.8927073479704143,22560,0.8952401518066276,0.003132606667246113,0.8892706382494209,0.016364504550526723,"{'classifier__alpha': np.float64(0.0008645883117224173), 'classifier__batch_size': 128, 'classifier__hidden_layer_sizes': (128, 64), 'classifier__learning_rate_init': np.float64(0.0008953438061720399), 'feature_selection_filter__k': 24}",59.69378590583801,"[0, 1, 2, 3, 4, 5, 6, 7, 8, 9, 10, 11, 12, 14, 16, 17, 18, 19, 20, 21, 24, 27, 28, 29]","['Amount_log1p', 'V1', 'V2', 'V3', 'V4', 'V5', 'V6', 'V7', 'V8', 'V9', 'V10', 'V11', 'V12', 'V14', 'V16', 'V17', 'V18', 'V19', 'V20', 'V21', 'V24', 'V27', 'V28', 'Time_sin']"
CostSensitiveLearning_ClusterCentroids___RandomizedSearchCV__niter_30__cv_5,2,7,MLPClassifier,resubstitution,391,22090,45,34,0.9964982269503546,0.8967889908256881,0.92,0.908246225319396,0.9979670205556811,0.0020329794443189053,0.9589835102778406,0.9581908259377286,0.906538467484796,0.9064615746348714,0.9959879349978076,0.9532504120219348,22560,0.8978680180947454,0.011768432029584976,0.8898757107305038,0.026734681743539945,"{'classifier__alpha': np.float64(0.005310294903969779), 'classifier__batch_size': 32, 'classifier__hidden_layer_sizes': (32,), 'classifier__learning_rate_init': np.float64(0.007629706715166175), 'feature_selection_filter__k': 26}",66.04449772834778,"[0, 1, 2, 3, 4, 5, 6, 7, 8, 9, 10, 11, 12, 14, 16, 17, 18, 19, 20, 21, 23, 24, 26, 27, 28, 29]","['Amount_log1p', 'V1', 'V2', 'V3', 'V4', 'V5', 'V6', 'V7', 'V8', 'V9', 'V10', 'V11', 'V12', 'V14', 'V16', 'V17', 'V18', 'V19', 'V20', 'V21', 'V23', 'V24', 'V26', 'V27', 'V28', 'Time_sin']"
CostSensitiveLearning_ClusterCentroids___RandomizedSearchCV__niter_30__cv_5,2,8,MLPClassifier,resubstitution,375,22115,20,51,0.9968529763751607,0.9493670886075949,0.8802816901408451,0.9135200974421437,0.9990964535803026,0.0009035464196973653,0.9396890718605739,0.9378093168503889,0.9125948588073923,0.9119197520779811,0.988877364783536,0.9178161852240454,22561,0.9030107916686484,0.008549486376925344,0.8981502525359506,0.02829885378883635,"{'classifier__alpha': np.float64(0.0016724358477487212), 'classifier__batch_size': 128, 'classifier__hidden_layer_sizes': (32,), 'classifier__learning_rate_init': np.float64(0.0042046997713243595), 'feature_selection_filter__k': 20}",67.67627263069153,"[1, 2, 3, 4, 5, 6, 7, 8, 9, 10, 11, 12, 14, 16, 17, 18, 19, 20, 21, 27]","['V1', 'V2', 'V3', 'V4', 'V5', 'V6', 'V7', 'V8', 'V9', 'V10', 'V11', 'V12', 'V14', 'V16', 'V17', 'V18', 'V19', 'V20', 'V21', 'V27']"
CostSensitiveLearning_ClusterCentroids___RandomizedSearchCV__niter_30__cv_5,2,9,MLPClassifier,resubstitution,375,22105,30,51,0.9964097336110987,0.9259259259259259,0.8802816901408451,0.9025270758122743,0.9986446803704541,0.0013553196295459369,0.9394631852556496,0.9375972627342015,0.900998084561898,0.9006994516313556,0.9940400932816231,0.937104150264935,22561,0.8835496706871181,0.01172926890678494,0.8901420139829671,0.007604998061259701,"{'classifier__alpha': np.float64(3.0331955243398374e-05), 'classifier__batch_size': 16, 'classifier__hidden_layer_sizes': (128, 32), 'classifier__learning_rate_init': np.float64(0.000859746854485291), 'feature_selection_filter__k': 24}",60.602952003479004,"[0, 1, 2, 3, 4, 5, 6, 7, 8, 9, 10, 11, 12, 14, 16, 17, 18, 19, 20, 21, 24, 27, 28, 29]","['Amount_log1p', 'V1', 'V2', 'V3', 'V4', 'V5', 'V6', 'V7', 'V8', 'V9', 'V10', 'V11', 'V12', 'V14', 'V16', 'V17', 'V18', 'V19', 'V20', 'V21', 'V24', 'V27', 'V28', 'Time_sin']"
CostSensitiveLearning_ClusterCentroids___RandomizedSearchCV__niter_30__cv_5,2,10,MLPClassifier,resubstitution,361,22110,25,65,0.9960108151234431,0.9352331606217616,0.8474178403755869,0.8891625615763546,0.9988705669753783,0.001129433024621651,0.9231442036754827,0.9200330095605337,0.888254646483633,0.887136436350862,0.985863104233412,0.9000405790041682,22561,0.8915489450827814,0.012207627328495984,0.8906185992232805,0.02037225570014495,"{'classifier__alpha': np.float64(5.10289339459118e-05), 'classifier__batch_size': 16, 'classifier__hidden_layer_sizes': (32,), 'classifier__learning_rate_init': np.float64(0.004918823854300562), 'feature_selection_filter__k': 24}",59.3624107837677,"[0, 1, 2, 3, 4, 5, 6, 7, 8, 9, 10, 11, 12, 14, 16, 17, 18, 19, 20, 21, 24, 27, 28, 29]","['Amount_log1p', 'V1', 'V2', 'V3', 'V4', 'V5', 'V6', 'V7', 'V8', 'V9', 'V10', 'V11', 'V12', 'V14', 'V16', 'V17', 'V18', 'V19', 'V20', 'V21', 'V24', 'V27', 'V28', 'Time_sin']"
CostSensitiveLearning_ClusterCentroids___RandomizedSearchCV__niter_30__cv_5,3,1,MLPClassifier,resubstitution,366,22119,15,60,0.9966755319148937,0.9606299212598425,0.8591549295774648,0.9070631970260223,0.9993223095689889,0.0006776904310110687,0.9292386195732268,0.926591975198865,0.9068387491831111,0.9053760496715341,0.9836748723417885,0.9053238623865261,22560,0.9090438864868929,0.013395837571396972,0.8951320512097105,0.03576273070079,"{'classifier__alpha': np.float64(2.5726808263282703e-05), 'classifier__batch_size': 16, 'classifier__hidden_layer_sizes': (64,), 'classifier__learning_rate_init': np.float64(0.0022300562510837443), 'feature_selection_filter__k': 24}",58.90826725959778,"[0, 1, 2, 3, 4, 5, 6, 7, 8, 9, 10, 11, 12, 14, 16, 17, 18, 19, 20, 21, 23, 27, 28, 29]","['Amount_log1p', 'V1', 'V2', 'V3', 'V4', 'V5', 'V6', 'V7', 'V8', 'V9', 'V10', 'V11', 'V12', 'V14', 'V16', 'V17', 'V18', 'V19', 'V20', 'V21', 'V23', 'V27', 'V28', 'Time_sin']"
CostSensitiveLearning_ClusterCentroids___RandomizedSearchCV__niter_30__cv_5,3,2,MLPClassifier,resubstitution,356,22122,12,70,0.9963652482269504,0.967391304347826,0.8356807511737089,0.8967254408060453,0.9994578476551911,0.0005421523448089216,0.91756929941445,0.9139079192648176,0.8973692379616613,0.8948855578102157,0.9844466334163531,0.9056146492256607,22560,0.9078048144106663,0.011686642031124626,0.8929422241089684,0.021516159404670877,"{'classifier__alpha': np.float64(0.005668246741202029), 'classifier__batch_size': 16, 'classifier__hidden_layer_sizes': (64,), 'classifier__learning_rate_init': np.float64(0.0012678609523749838), 'feature_selection_filter__k': 'all'}",60.724080085754395,"[0, 1, 2, 3, 4, 5, 6, 7, 8, 9, 10, 11, 12, 13, 14, 15, 16, 17, 18, 19, 20, 21, 22, 23, 24, 25, 26, 27, 28, 29, 30]","['Amount_log1p', 'V1', 'V2', 'V3', 'V4', 'V5', 'V6', 'V7', 'V8', 'V9', 'V10', 'V11', 'V12', 'V13', 'V14', 'V15', 'V16', 'V17', 'V18', 'V19', 'V20', 'V21', 'V22', 'V23', 'V24', 'V25', 'V26', 'V27', 'V28', 'Time_sin', 'Time_cos']"
CostSensitiveLearning_ClusterCentroids___RandomizedSearchCV__niter_30__cv_5,3,3,MLPClassifier,resubstitution,362,22114,20,64,0.9962765957446809,0.9476439790575916,0.8497652582159625,0.8960396039603961,0.9990964127586518,0.0009035872413482027,0.9244308354873072,0.9214105605920184,0.8955272498605488,0.8941496784675833,0.9736665830954525,0.8853196355686364,22560,0.8962382086113261,0.011227902463263354,0.8945548464235271,0.02545667120003456,"{'classifier__alpha': np.float64(5.627995870445873e-05), 'classifier__batch_size': 32, 'classifier__hidden_layer_sizes': (128, 64, 32), 'classifier__learning_rate_init': np.float64(0.00015629178141890235), 'feature_selection_filter__k': 26}",58.58691954612732,"[0, 1, 2, 3, 4, 5, 6, 7, 8, 9, 10, 11, 12, 14, 16, 17, 18, 19, 20, 21, 22, 23, 24, 27, 28, 29]","['Amount_log1p', 'V1', 'V2', 'V3', 'V4', 'V5', 'V6', 'V7', 'V8', 'V9', 'V10', 'V11', 'V12', 'V14', 'V16', 'V17', 'V18', 'V19', 'V20', 'V21', 'V22', 'V23', 'V24', 'V27', 'V28', 'Time_sin']"
CostSensitiveLearning_ClusterCentroids___RandomizedSearchCV__niter_30__cv_5,3,4,MLPClassifier,resubstitution,385,22075,59,41,0.9955673758865248,0.8671171171171171,0.903755868544601,0.8850574712643678,0.997334417638023,0.0026655823619770036,0.950545143091312,0.9493928759169595,0.8829950819032865,0.8827985706412913,0.9953135426516511,0.9402781781755676,22560,0.9188963974176678,0.019496698975760018,0.8954403560146073,0.03179052317713502,"{'classifier__alpha': np.float64(6.661249539617985e-05), 'classifier__batch_size': 64, 'classifier__hidden_layer_sizes': (128,), 'classifier__learning_rate_init': np.float64(0.007923800905002746), 'feature_selection_filter__k': 'all'}",59.6726188659668,"[0, 1, 2, 3, 4, 5, 6, 7, 8, 9, 10, 11, 12, 13, 14, 15, 16, 17, 18, 19, 20, 21, 22, 23, 24, 25, 26, 27, 28, 29, 30]","['Amount_log1p', 'V1', 'V2', 'V3', 'V4', 'V5', 'V6', 'V7', 'V8', 'V9', 'V10', 'V11', 'V12', 'V13', 'V14', 'V15', 'V16', 'V17', 'V18', 'V19', 'V20', 'V21', 'V22', 'V23', 'V24', 'V25', 'V26', 'V27', 'V28', 'Time_sin', 'Time_cos']"
CostSensitiveLearning_ClusterCentroids___RandomizedSearchCV__niter_30__cv_5,3,5,MLPClassifier,resubstitution,416,22021,114,9,0.9945478723404255,0.7849056603773585,0.9788235294117648,0.8712041884816754,0.9948497854077253,0.0051502145922747156,0.986836657409745,0.986804123515567,0.873981646079528,0.8684535632848684,0.9968482174889381,0.9821853957627444,22560,0.8978517310631926,0.014305879752083939,0.8880613983533985,0.026175741951817672,"{'classifier__alpha': np.float64(6.162202008714575e-05), 'classifier__batch_size': 64, 'classifier__hidden_layer_sizes': (128, 64, 32), 'classifier__learning_rate_init': np.float64(0.000981463097596451), 'feature_selection_filter__k': 22}",59.996450424194336,"[1, 2, 3, 4, 5, 6, 7, 8, 9, 10, 11, 12, 14, 16, 17, 18, 19, 20, 21, 27, 28, 29]","['V1', 'V2', 'V3', 'V4', 'V5', 'V6', 'V7', 'V8', 'V9', 'V10', 'V11', 'V12', 'V14', 'V16', 'V17', 'V18', 'V19', 'V20', 'V21', 'V27', 'V28', 'Time_sin']"
CostSensitiveLearning_ClusterCentroids___RandomizedSearchCV__niter_30__cv_5,3,6,MLPClassifier,resubstitution,373,22105,30,52,0.9963652482269504,0.9255583126550868,0.8776470588235294,0.9009661835748792,0.9986446803704541,0.0013553196295459369,0.9381458695969918,0.9361931245939017,0.8994456875501523,0.899116164852406,0.993497654765543,0.9323867218409635,22560,0.8911996323321866,0.01010142005503054,0.8868846031366928,0.019355445759656024,"{'classifier__alpha': np.float64(0.00015902412079074233), 'classifier__batch_size': 64, 'classifier__hidden_layer_sizes': (128,), 'classifier__learning_rate_init': np.float64(0.0007850447647574809), 'feature_selection_filter__k': 26}",59.05780625343323,"[0, 1, 2, 3, 4, 5, 6, 7, 8, 9, 10, 11, 12, 14, 16, 17, 18, 19, 20, 21, 23, 24, 25, 27, 28, 29]","['Amount_log1p', 'V1', 'V2', 'V3', 'V4', 'V5', 'V6', 'V7', 'V8', 'V9', 'V10', 'V11', 'V12', 'V14', 'V16', 'V17', 'V18', 'V19', 'V20', 'V21', 'V23', 'V24', 'V25', 'V27', 'V28', 'Time_sin']"
CostSensitiveLearning_ClusterCentroids___RandomizedSearchCV__niter_30__cv_5,3,7,MLPClassifier,resubstitution,357,22124,11,68,0.9964982269503546,0.970108695652174,0.84,0.9003783102143758,0.9995030494691665,0.0004969505308335398,0.9197515247345832,0.9162873793489136,0.901019883549425,0.8986054725190701,0.9714349645889528,0.8777062888231919,22560,0.8982175032483564,0.008857398752064342,0.8924899162425678,0.025454484471914306,"{'classifier__alpha': np.float64(1.02431804331838e-05), 'classifier__batch_size': 128, 'classifier__hidden_layer_sizes': (128, 64), 'classifier__learning_rate_init': np.float64(0.0005029547186517813), 'feature_selection_filter__k': 'all'}",60.382570028305054,"[0, 1, 2, 3, 4, 5, 6, 7, 8, 9, 10, 11, 12, 13, 14, 15, 16, 17, 18, 19, 20, 21, 22, 23, 24, 25, 26, 27, 28, 29, 30]","['Amount_log1p', 'V1', 'V2', 'V3', 'V4', 'V5', 'V6', 'V7', 'V8', 'V9', 'V10', 'V11', 'V12', 'V13', 'V14', 'V15', 'V16', 'V17', 'V18', 'V19', 'V20', 'V21', 'V22', 'V23', 'V24', 'V25', 'V26', 'V27', 'V28', 'Time_sin', 'Time_cos']"
CostSensitiveLearning_ClusterCentroids___RandomizedSearchCV__niter_30__cv_5,3,8,MLPClassifier,resubstitution,366,22101,34,60,0.9958335180178184,0.915,0.8591549295774648,0.8861985472154964,0.9984639710865145,0.0015360289134854765,0.9288094503319897,0.9261939552623253,0.8845333945384765,0.8840786011774193,0.9854163153758785,0.8995716345902816,22561,0.9096770504906599,0.0069665629485880605,0.8912473001610881,0.024153933116065146,"{'classifier__alpha': np.float64(1.0524723467340758e-05), 'classifier__batch_size': 16, 'classifier__hidden_layer_sizes': (128, 64), 'classifier__learning_rate_init': np.float64(0.0004178118178158013), 'feature_selection_filter__k': 'all'}",59.22378063201904,"[0, 1, 2, 3, 4, 5, 6, 7, 8, 9, 10, 11, 12, 13, 14, 15, 16, 17, 18, 19, 20, 21, 22, 23, 24, 25, 26, 27, 28, 29, 30]","['Amount_log1p', 'V1', 'V2', 'V3', 'V4', 'V5', 'V6', 'V7', 'V8', 'V9', 'V10', 'V11', 'V12', 'V13', 'V14', 'V15', 'V16', 'V17', 'V18', 'V19', 'V20', 'V21', 'V22', 'V23', 'V24', 'V25', 'V26', 'V27', 'V28', 'Time_sin', 'Time_cos']"
CostSensitiveLearning_ClusterCentroids___RandomizedSearchCV__niter_30__cv_5,3,9,MLPClassifier,resubstitution,367,22115,20,59,0.9964983821639112,0.9483204134366925,0.8615023474178404,0.9028290282902829,0.9990964535803026,0.0009035464196973653,0.9302994004990714,0.927752089761198,0.9021272371209133,0.9010502727320321,0.9882092494731963,0.9139736785937683,22561,0.9006936731028785,0.009531548573613983,0.8954552520739124,0.020334929317292583,"{'classifier__alpha': np.float64(0.008784330288568124), 'classifier__batch_size': 16, 'classifier__hidden_layer_sizes': (128,), 'classifier__learning_rate_init': np.float64(0.0002523922114381401), 'feature_selection_filter__k': 26}",60.626136779785156,"[0, 1, 2, 3, 4, 5, 6, 7, 8, 9, 10, 11, 12, 14, 16, 17, 18, 19, 20, 21, 22, 24, 25, 27, 28, 29]","['Amount_log1p', 'V1', 'V2', 'V3', 'V4', 'V5', 'V6', 'V7', 'V8', 'V9', 'V10', 'V11', 'V12', 'V14', 'V16', 'V17', 'V18', 'V19', 'V20', 'V21', 'V22', 'V24', 'V25', 'V27', 'V28', 'Time_sin']"
CostSensitiveLearning_ClusterCentroids___RandomizedSearchCV__niter_30__cv_5,3,10,MLPClassifier,resubstitution,347,22121,14,79,0.9958778422942246,0.961218836565097,0.8145539906103286,0.8818297331639136,0.9993675175062119,0.0006324824937881113,0.9069607540582703,0.9022409874701006,0.8828704875225964,0.879746629042348,0.9497312161501499,0.8656411404262965,22561,0.8991237509654111,0.004403140404146687,0.8859024600039168,0.02695398793247631,"{'classifier__alpha': np.float64(7.455730210011986e-05), 'classifier__batch_size': 32, 'classifier__hidden_layer_sizes': (128, 64, 32), 'classifier__learning_rate_init': np.float64(0.00010328974876406581), 'feature_selection_filter__k': 26}",60.556647300720215,"[0, 1, 2, 3, 4, 5, 6, 7, 8, 9, 10, 11, 12, 14, 16, 17, 18, 19, 20, 21, 22, 23, 24, 27, 28, 29]","['Amount_log1p', 'V1', 'V2', 'V3', 'V4', 'V5', 'V6', 'V7', 'V8', 'V9', 'V10', 'V11', 'V12', 'V14', 'V16', 'V17', 'V18', 'V19', 'V20', 'V21', 'V22', 'V23', 'V24', 'V27', 'V28', 'Time_sin']"
CostSensitiveLearning_ClusterCentroids___RandomizedSearchCV__niter_30__cv_5,4,1,MLPClassifier,resubstitution,371,22107,27,55,0.9963652482269504,0.9321608040201005,0.8708920187793427,0.9004854368932039,0.99878015722418,0.0012198427758199903,0.9348360880017614,0.9326465930038642,0.8991751927307398,0.8986364311817903,0.9905866784090586,0.9164182879729217,22560,0.8942642871166557,0.007388787259561195,0.8989993033269805,0.014964235423634563,"{'classifier__alpha': np.float64(0.00025800575036998013), 'classifier__batch_size': 64, 'classifier__hidden_layer_sizes': (128,), 'classifier__learning_rate_init': np.float64(0.0036661373065972214), 'feature_selection_filter__k': 22}",60.760303258895874,"[1, 2, 3, 4, 5, 6, 7, 8, 9, 10, 11, 12, 14, 16, 17, 18, 19, 20, 21, 27, 28, 29]","['V1', 'V2', 'V3', 'V4', 'V5', 'V6', 'V7', 'V8', 'V9', 'V10', 'V11', 'V12', 'V14', 'V16', 'V17', 'V18', 'V19', 'V20', 'V21', 'V27', 'V28', 'Time_sin']"
CostSensitiveLearning_ClusterCentroids___RandomizedSearchCV__niter_30__cv_5,4,2,MLPClassifier,resubstitution,386,22102,32,40,0.9968085106382979,0.9234449760765551,0.9061032863849765,0.9146919431279621,0.998554260413843,0.0014457395861570133,0.9523287733994097,0.9512062326302866,0.9131085276756481,0.9130659288574104,0.9947273775480205,0.9493717814158421,22560,0.9073378134445618,0.008596260392004545,0.8914811076543092,0.024354642996318045,"{'classifier__alpha': np.float64(1.6857553110563472e-05), 'classifier__batch_size': 16, 'classifier__hidden_layer_sizes': (128, 32), 'classifier__learning_rate_init': np.float64(0.00032315770749552784), 'feature_selection_filter__k': 'all'}",67.37198877334595,"[0, 1, 2, 3, 4, 5, 6, 7, 8, 9, 10, 11, 12, 13, 14, 15, 16, 17, 18, 19, 20, 21, 22, 23, 24, 25, 26, 27, 28, 29, 30]","['Amount_log1p', 'V1', 'V2', 'V3', 'V4', 'V5', 'V6', 'V7', 'V8', 'V9', 'V10', 'V11', 'V12', 'V13', 'V14', 'V15', 'V16', 'V17', 'V18', 'V19', 'V20', 'V21', 'V22', 'V23', 'V24', 'V25', 'V26', 'V27', 'V28', 'Time_sin', 'Time_cos']"
CostSensitiveLearning_ClusterCentroids___RandomizedSearchCV__niter_30__cv_5,4,3,MLPClassifier,resubstitution,366,22122,12,60,0.9968085106382979,0.9682539682539683,0.8591549295774648,0.9104477611940298,0.9994578476551911,0.0005421523448089216,0.929306388616328,0.9266548099037959,0.9105123670776273,0.9088289613533403,0.9937719294896514,0.9310316118155717,22560,0.8965422251263402,0.023360505064855375,0.8865959715511155,0.027136535208928128,"{'classifier__alpha': np.float64(0.00015813209612570146), 'classifier__batch_size': 32, 'classifier__hidden_layer_sizes': (128, 64), 'classifier__learning_rate_init': np.float64(0.0009831281449678262), 'feature_selection_filter__k': 'all'}",65.03870797157288,"[0, 1, 2, 3, 4, 5, 6, 7, 8, 9, 10, 11, 12, 13, 14, 15, 16, 17, 18, 19, 20, 21, 22, 23, 24, 25, 26, 27, 28, 29, 30]","['Amount_log1p', 'V1', 'V2', 'V3', 'V4', 'V5', 'V6', 'V7', 'V8', 'V9', 'V10', 'V11', 'V12', 'V13', 'V14', 'V15', 'V16', 'V17', 'V18', 'V19', 'V20', 'V21', 'V22', 'V23', 'V24', 'V25', 'V26', 'V27', 'V28', 'Time_sin', 'Time_cos']"
CostSensitiveLearning_ClusterCentroids___RandomizedSearchCV__niter_30__cv_5,4,4,MLPClassifier,resubstitution,352,22125,9,74,0.9963209219858156,0.9750692520775623,0.8262910798122066,0.8945362134688691,0.9995933857413933,0.00040661425860666345,0.9129422327768,0.9088207183363479,0.8958467926487493,0.892677015177495,0.9660025300442758,0.8776616843510541,22560,0.8985802636773936,0.003547498444155029,0.8885712709213298,0.003967968744080624,"{'classifier__alpha': np.float64(0.0023371884512688613), 'classifier__batch_size': 16, 'classifier__hidden_layer_sizes': (128, 32), 'classifier__learning_rate_init': np.float64(0.00016394478936406078), 'feature_selection_filter__k': 'all'}",62.83689594268799,"[0, 1, 2, 3, 4, 5, 6, 7, 8, 9, 10, 11, 12, 13, 14, 15, 16, 17, 18, 19, 20, 21, 22, 23, 24, 25, 26, 27, 28, 29, 30]","['Amount_log1p', 'V1', 'V2', 'V3', 'V4', 'V5', 'V6', 'V7', 'V8', 'V9', 'V10', 'V11', 'V12', 'V13', 'V14', 'V15', 'V16', 'V17', 'V18', 'V19', 'V20', 'V21', 'V22', 'V23', 'V24', 'V25', 'V26', 'V27', 'V28', 'Time_sin', 'Time_cos']"
CostSensitiveLearning_ClusterCentroids___RandomizedSearchCV__niter_30__cv_5,4,5,MLPClassifier,resubstitution,356,22125,10,69,0.9964982269503546,0.9726775956284153,0.8376470588235294,0.900126422250316,0.9995482267901513,0.00045177320984868263,0.9185976428068403,0.9150238424888416,0.900954105694762,0.8983543840318104,0.9652329156645717,0.8829443348918304,22560,0.9102135760058708,0.005545244766278494,0.8935058947114995,0.012226902609957147,"{'classifier__alpha': np.float64(0.0050711324519769), 'classifier__batch_size': 16, 'classifier__hidden_layer_sizes': (128, 32), 'classifier__learning_rate_init': np.float64(0.00015883746324383145), 'feature_selection_filter__k': 'all'}",63.99043798446655,"[0, 1, 2, 3, 4, 5, 6, 7, 8, 9, 10, 11, 12, 13, 14, 15, 16, 17, 18, 19, 20, 21, 22, 23, 24, 25, 26, 27, 28, 29, 30]","['Amount_log1p', 'V1', 'V2', 'V3', 'V4', 'V5', 'V6', 'V7', 'V8', 'V9', 'V10', 'V11', 'V12', 'V13', 'V14', 'V15', 'V16', 'V17', 'V18', 'V19', 'V20', 'V21', 'V22', 'V23', 'V24', 'V25', 'V26', 'V27', 'V28', 'Time_sin', 'Time_cos']"
CostSensitiveLearning_ClusterCentroids___RandomizedSearchCV__niter_30__cv_5,4,6,MLPClassifier,resubstitution,350,22125,10,75,0.9962322695035462,0.9722222222222222,0.8235294117647058,0.89171974522293,0.9995482267901513,0.00045177320984868263,0.9115388192774285,0.9072802010619145,0.8929914350761724,0.8898159001585879,0.9527674829588487,0.8685916781723911,22560,0.9054736742752272,0.010824343087162033,0.899072712751958,0.018121664969227885,"{'classifier__alpha': np.float64(0.008534105046588865), 'classifier__batch_size': 32, 'classifier__hidden_layer_sizes': (128,), 'classifier__learning_rate_init': np.float64(0.0004211823046541298), 'feature_selection_filter__k': 26}",62.63634157180786,"[0, 1, 2, 3, 4, 5, 6, 7, 8, 9, 10, 11, 12, 14, 16, 17, 18, 19, 20, 21, 22, 24, 25, 27, 28, 29]","['Amount_log1p', 'V1', 'V2', 'V3', 'V4', 'V5', 'V6', 'V7', 'V8', 'V9', 'V10', 'V11', 'V12', 'V14', 'V16', 'V17', 'V18', 'V19', 'V20', 'V21', 'V22', 'V24', 'V25', 'V27', 'V28', 'Time_sin']"
CostSensitiveLearning_ClusterCentroids___RandomizedSearchCV__niter_30__cv_5,4,7,MLPClassifier,resubstitution,345,22127,8,80,0.9960992907801418,0.9773371104815864,0.8117647058823529,0.8868894601542416,0.999638581432121,0.0003614185678789683,0.9057016436572369,0.9008170286161881,0.888870907462259,0.8849221783680731,0.9527516443216094,0.8767196666121195,22560,0.895451746409317,0.014782639088507066,0.8889044679073512,0.026604910543663596,"{'classifier__alpha': np.float64(7.748877737355278e-05), 'classifier__batch_size': 128, 'classifier__hidden_layer_sizes': (128, 64, 32), 'classifier__learning_rate_init': np.float64(0.000510089918524081), 'feature_selection_filter__k': 20}",65.42236089706421,"[1, 2, 3, 4, 5, 6, 7, 8, 9, 10, 11, 12, 14, 16, 17, 18, 19, 20, 21, 27]","['V1', 'V2', 'V3', 'V4', 'V5', 'V6', 'V7', 'V8', 'V9', 'V10', 'V11', 'V12', 'V14', 'V16', 'V17', 'V18', 'V19', 'V20', 'V21', 'V27']"
CostSensitiveLearning_ClusterCentroids___RandomizedSearchCV__niter_30__cv_5,4,8,MLPClassifier,resubstitution,334,22126,9,92,0.9955232480829751,0.9737609329446064,0.784037558685446,0.8686605981794538,0.9995934041111362,0.00040659588886382547,0.891815481398291,0.8852789234119208,0.8716790514345564,0.8664103952044104,0.931732932039947,0.8413392521065357,22561,0.9052879008321376,0.008473134717658582,0.8983036010019794,0.02365440013426608,"{'classifier__alpha': np.float64(0.0038143701538473577), 'classifier__batch_size': 64, 'classifier__hidden_layer_sizes': (32,), 'classifier__learning_rate_init': np.float64(0.0031936515891623826), 'feature_selection_filter__k': 20}",62.5060830116272,"[1, 2, 3, 4, 5, 6, 7, 8, 9, 10, 11, 12, 14, 16, 17, 18, 19, 20, 21, 27]","['V1', 'V2', 'V3', 'V4', 'V5', 'V6', 'V7', 'V8', 'V9', 'V10', 'V11', 'V12', 'V14', 'V16', 'V17', 'V18', 'V19', 'V20', 'V21', 'V27']"
CostSensitiveLearning_ClusterCentroids___RandomizedSearchCV__niter_30__cv_5,4,9,MLPClassifier,resubstitution,367,22112,23,59,0.9963654093346926,0.941025641025641,0.8615023474178404,0.8995098039215687,0.9989609216173481,0.0010390783826519367,0.9302316345175943,0.927689160738679,0.8985700814828852,0.8976627072687501,0.9846201976560819,0.9035028730024162,22561,0.9088426028385701,0.009339196887732453,0.8848688587919875,0.029064744450725762,"{'classifier__alpha': np.float64(1.8045781663288615e-05), 'classifier__batch_size': 32, 'classifier__hidden_layer_sizes': (128, 32), 'classifier__learning_rate_init': np.float64(0.0004926140810652762), 'feature_selection_filter__k': 26}",63.60111618041992,"[0, 1, 2, 3, 4, 5, 6, 7, 8, 9, 10, 11, 12, 14, 16, 17, 18, 19, 20, 21, 22, 23, 24, 27, 28, 29]","['Amount_log1p', 'V1', 'V2', 'V3', 'V4', 'V5', 'V6', 'V7', 'V8', 'V9', 'V10', 'V11', 'V12', 'V14', 'V16', 'V17', 'V18', 'V19', 'V20', 'V21', 'V22', 'V23', 'V24', 'V27', 'V28', 'Time_sin']"
CostSensitiveLearning_ClusterCentroids___RandomizedSearchCV__niter_30__cv_5,4,10,MLPClassifier,resubstitution,383,22110,25,43,0.9969859492043792,0.9387254901960784,0.8990610328638498,0.9184652278177458,0.9988705669753783,0.001129433024621651,0.948965799919614,0.9476526809133096,0.9171523070672405,0.9169305518690501,0.9968411932327343,0.9595450240668755,22561,0.9118095853021441,0.014896335023266068,0.8966439520377915,0.017089903280116336,"{'classifier__alpha': np.float64(1.355868249463837e-05), 'classifier__batch_size': 64, 'classifier__hidden_layer_sizes': (128, 64, 32), 'classifier__learning_rate_init': np.float64(0.0011410469918328885), 'feature_selection_filter__k': 'all'}",62.633753299713135,"[0, 1, 2, 3, 4, 5, 6, 7, 8, 9, 10, 11, 12, 13, 14, 15, 16, 17, 18, 19, 20, 21, 22, 23, 24, 25, 26, 27, 28, 29, 30]","['Amount_log1p', 'V1', 'V2', 'V3', 'V4', 'V5', 'V6', 'V7', 'V8', 'V9', 'V10', 'V11', 'V12', 'V13', 'V14', 'V15', 'V16', 'V17', 'V18', 'V19', 'V20', 'V21', 'V22', 'V23', 'V24', 'V25', 'V26', 'V27', 'V28', 'Time_sin', 'Time_cos']"
CostSensitiveLearning_ClusterCentroids___RandomizedSearchCV__niter_30__cv_5,5,1,MLPClassifier,resubstitution,363,22122,12,63,0.9966755319148937,0.968,0.852112676056338,0.9063670411985019,0.9994578476551911,0.0005421523448089216,0.9257852618557645,0.9228492299238119,0.9065881170323427,0.9046817485829015,0.9743415161006096,0.8845442173719702,22560,0.9069883310173947,0.0007193883559578373,0.9010780419971394,0.021361493545139647,"{'classifier__alpha': np.float64(0.0011965482640038912), 'classifier__batch_size': 32, 'classifier__hidden_layer_sizes': (128, 64, 32), 'classifier__learning_rate_init': np.float64(0.00014504663834955742), 'feature_selection_filter__k': 'all'}",63.02320694923401,"[0, 1, 2, 3, 4, 5, 6, 7, 8, 9, 10, 11, 12, 13, 14, 15, 16, 17, 18, 19, 20, 21, 22, 23, 24, 25, 26, 27, 28, 29, 30]","['Amount_log1p', 'V1', 'V2', 'V3', 'V4', 'V5', 'V6', 'V7', 'V8', 'V9', 'V10', 'V11', 'V12', 'V13', 'V14', 'V15', 'V16', 'V17', 'V18', 'V19', 'V20', 'V21', 'V22', 'V23', 'V24', 'V25', 'V26', 'V27', 'V28', 'Time_sin', 'Time_cos']"
CostSensitiveLearning_ClusterCentroids___RandomizedSearchCV__niter_30__cv_5,5,2,MLPClassifier,resubstitution,369,22108,26,57,0.9963209219858156,0.9341772151898734,0.8661971830985915,0.8989037758830695,0.9988253365862474,0.001174663413752608,0.9325112598424194,0.9301503604033652,0.8976969520039636,0.8970328651509303,0.9887302944803545,0.9266194318806296,22560,0.8951008454534495,0.004568735121323422,0.8886815212434295,0.026980328535331596,"{'classifier__alpha': np.float64(4.5681095817132744e-05), 'classifier__batch_size': 64, 'classifier__hidden_layer_sizes': (128, 64), 'classifier__learning_rate_init': np.float64(0.00149135707652675), 'feature_selection_filter__k': 22}",61.40181565284729,"[1, 2, 3, 4, 5, 6, 7, 8, 9, 10, 11, 12, 14, 16, 17, 18, 19, 20, 21, 27, 28, 29]","['V1', 'V2', 'V3', 'V4', 'V5', 'V6', 'V7', 'V8', 'V9', 'V10', 'V11', 'V12', 'V14', 'V16', 'V17', 'V18', 'V19', 'V20', 'V21', 'V27', 'V28', 'Time_sin']"
CostSensitiveLearning_ClusterCentroids___RandomizedSearchCV__niter_30__cv_5,5,3,MLPClassifier,resubstitution,396,22112,22,30,0.9976950354609929,0.9473684210526315,0.9295774647887324,0.9383886255924171,0.999006054034517,0.0009939459654829674,0.9642917594116247,0.9636667032838697,0.937258007405014,0.9372142819525742,0.9978903571121013,0.9692085087992756,22560,0.8999084359401077,0.010772770801318445,0.881967340296763,0.026637429512555617,"{'classifier__alpha': np.float64(0.00011190496164453194), 'classifier__batch_size': 16, 'classifier__hidden_layer_sizes': (128, 32), 'classifier__learning_rate_init': np.float64(0.0008010778108395126), 'feature_selection_filter__k': 'all'}",63.519333362579346,"[0, 1, 2, 3, 4, 5, 6, 7, 8, 9, 10, 11, 12, 13, 14, 15, 16, 17, 18, 19, 20, 21, 22, 23, 24, 25, 26, 27, 28, 29, 30]","['Amount_log1p', 'V1', 'V2', 'V3', 'V4', 'V5', 'V6', 'V7', 'V8', 'V9', 'V10', 'V11', 'V12', 'V13', 'V14', 'V15', 'V16', 'V17', 'V18', 'V19', 'V20', 'V21', 'V22', 'V23', 'V24', 'V25', 'V26', 'V27', 'V28', 'Time_sin', 'Time_cos']"
CostSensitiveLearning_ClusterCentroids___RandomizedSearchCV__niter_30__cv_5,5,4,MLPClassifier,resubstitution,341,22125,9,85,0.9958333333333333,0.9742857142857143,0.8004694835680751,0.8788659793814433,0.9995933857413933,0.00040661425860666345,0.9000314346547342,0.8945076865306842,0.881151462329293,0.8767668737753046,0.9591091775192585,0.8711137428095856,22560,0.899174883829206,0.01199229576075116,0.8915793755605499,0.00666366076182084,"{'classifier__alpha': np.float64(0.0021295351718414726), 'classifier__batch_size': 16, 'classifier__hidden_layer_sizes': (32,), 'classifier__learning_rate_init': np.float64(0.0017887340813084953), 'feature_selection_filter__k': 26}",61.21732211112976,"[0, 1, 2, 3, 4, 5, 6, 7, 8, 9, 10, 11, 12, 14, 16, 17, 18, 19, 20, 21, 23, 24, 27, 28, 29, 30]","['Amount_log1p', 'V1', 'V2', 'V3', 'V4', 'V5', 'V6', 'V7', 'V8', 'V9', 'V10', 'V11', 'V12', 'V14', 'V16', 'V17', 'V18', 'V19', 'V20', 'V21', 'V23', 'V24', 'V27', 'V28', 'Time_sin', 'Time_cos']"
CostSensitiveLearning_ClusterCentroids___RandomizedSearchCV__niter_30__cv_5,5,5,MLPClassifier,resubstitution,366,22117,18,59,0.9965868794326241,0.953125,0.8611764705882353,0.9048207663782447,0.9991868082222725,0.0008131917777275399,0.9301816394052539,0.9276185471211648,0.9042923887977891,0.903087593390997,0.9899136581671294,0.9126863892850469,22560,0.8996514857542184,0.012113138148804806,0.8911495293810464,0.025300712368522306,"{'classifier__alpha': np.float64(2.601942817325615e-05), 'classifier__batch_size': 64, 'classifier__hidden_layer_sizes': (128, 64, 32), 'classifier__learning_rate_init': np.float64(0.00039342407635712854), 'feature_selection_filter__k': 28}",60.58610558509827,"[0, 1, 2, 3, 4, 5, 6, 7, 8, 9, 10, 11, 12, 14, 16, 17, 18, 19, 20, 21, 22, 23, 24, 26, 27, 28, 29, 30]","['Amount_log1p', 'V1', 'V2', 'V3', 'V4', 'V5', 'V6', 'V7', 'V8', 'V9', 'V10', 'V11', 'V12', 'V14', 'V16', 'V17', 'V18', 'V19', 'V20', 'V21', 'V22', 'V23', 'V24', 'V26', 'V27', 'V28', 'Time_sin', 'Time_cos']"
CostSensitiveLearning_ClusterCentroids___RandomizedSearchCV__niter_30__cv_5,5,6,MLPClassifier,resubstitution,369,22065,70,56,0.9944148936170213,0.8405466970387244,0.8682352941176471,0.8541666666666666,0.9968375875310594,0.0031624124689405564,0.9325364408243533,0.9303169223428944,0.8514365475142203,0.8513203572002057,0.9860200108957069,0.901066256410774,22560,0.9005289844727054,0.01574956570457028,0.89600532438678,0.027656405101420672,"{'classifier__alpha': np.float64(1.2988818648216858e-05), 'classifier__batch_size': 64, 'classifier__hidden_layer_sizes': (128, 32), 'classifier__learning_rate_init': np.float64(0.0044248918284199605), 'feature_selection_filter__k': 22}",62.33280420303345,"[1, 2, 3, 4, 5, 6, 7, 8, 9, 10, 11, 12, 14, 16, 17, 18, 19, 20, 21, 27, 28, 29]","['V1', 'V2', 'V3', 'V4', 'V5', 'V6', 'V7', 'V8', 'V9', 'V10', 'V11', 'V12', 'V14', 'V16', 'V17', 'V18', 'V19', 'V20', 'V21', 'V27', 'V28', 'Time_sin']"
CostSensitiveLearning_ClusterCentroids___RandomizedSearchCV__niter_30__cv_5,5,7,MLPClassifier,resubstitution,383,22101,34,42,0.9966312056737588,0.9184652278177458,0.9011764705882352,0.9097387173396675,0.9984639710865145,0.0015360289134854765,0.9498202208373749,0.9485737912641583,0.9080650083846817,0.9080224472093072,0.994426394185413,0.9444092113010365,22560,0.9012750364785245,0.010714142183224515,0.8942077787211854,0.009913580498453234,"{'classifier__alpha': np.float64(1.1639760174746275e-05), 'classifier__batch_size': 128, 'classifier__hidden_layer_sizes': (128, 64, 32), 'classifier__learning_rate_init': np.float64(0.0006756371309300629), 'feature_selection_filter__k': 28}",61.78049921989441,"[0, 1, 2, 3, 4, 5, 6, 7, 8, 9, 10, 11, 12, 13, 14, 16, 17, 18, 19, 20, 21, 22, 23, 24, 27, 28, 29, 30]","['Amount_log1p', 'V1', 'V2', 'V3', 'V4', 'V5', 'V6', 'V7', 'V8', 'V9', 'V10', 'V11', 'V12', 'V13', 'V14', 'V16', 'V17', 'V18', 'V19', 'V20', 'V21', 'V22', 'V23', 'V24', 'V27', 'V28', 'Time_sin', 'Time_cos']"
CostSensitiveLearning_ClusterCentroids___RandomizedSearchCV__niter_30__cv_5,5,8,MLPClassifier,resubstitution,340,22126,9,86,0.9957891937414122,0.9742120343839542,0.7981220657276995,0.8774193548387097,0.9995934041111362,0.00040659588886382547,0.8988577349194178,0.8931951368972869,0.8798042004425444,0.8752986703594435,0.9513476310009746,0.8601146910769455,22561,0.9167770025521991,0.018222634624150066,0.8922041491629106,0.014840804674223242,"{'classifier__alpha': np.float64(0.00031556073679027175), 'classifier__batch_size': 16, 'classifier__hidden_layer_sizes': (128, 64), 'classifier__learning_rate_init': np.float64(0.00032824737519826156), 'feature_selection_filter__k': 'all'}",64.14135503768921,"[0, 1, 2, 3, 4, 5, 6, 7, 8, 9, 10, 11, 12, 13, 14, 15, 16, 17, 18, 19, 20, 21, 22, 23, 24, 25, 26, 27, 28, 29, 30]","['Amount_log1p', 'V1', 'V2', 'V3', 'V4', 'V5', 'V6', 'V7', 'V8', 'V9', 'V10', 'V11', 'V12', 'V13', 'V14', 'V15', 'V16', 'V17', 'V18', 'V19', 'V20', 'V21', 'V22', 'V23', 'V24', 'V25', 'V26', 'V27', 'V28', 'Time_sin', 'Time_cos']"
CostSensitiveLearning_ClusterCentroids___RandomizedSearchCV__niter_30__cv_5,5,9,MLPClassifier,resubstitution,368,22118,17,58,0.9966756792695359,0.9558441558441558,0.863849765258216,0.9075215782983971,0.9992319855432573,0.0007680144567426828,0.9315408754007366,0.929078207768347,0.9070360019786314,0.9058334011818497,0.9823475451004346,0.8979985244415092,22561,0.8945221162071533,0.004097691107165006,0.8931070597683448,0.02227360350057434,"{'classifier__alpha': np.float64(0.005432691726779134), 'classifier__batch_size': 128, 'classifier__hidden_layer_sizes': (32,), 'classifier__learning_rate_init': np.float64(0.004136309554974298), 'feature_selection_filter__k': 20}",64.03989124298096,"[1, 2, 3, 4, 5, 6, 7, 8, 9, 10, 11, 12, 14, 16, 17, 18, 19, 20, 21, 27]","['V1', 'V2', 'V3', 'V4', 'V5', 'V6', 'V7', 'V8', 'V9', 'V10', 'V11', 'V12', 'V14', 'V16', 'V17', 'V18', 'V19', 'V20', 'V21', 'V27']"
CostSensitiveLearning_ClusterCentroids___RandomizedSearchCV__niter_30__cv_5,5,10,MLPClassifier,resubstitution,368,22112,23,58,0.9964097336110987,0.9411764705882353,0.863849765258216,0.9008567931456548,0.9989609216173481,0.0010390783826519367,0.931405343437782,0.928952182645198,0.8998888134940066,0.8990319740563191,0.9901572828280578,0.9196342838851075,22561,0.8990672635387496,0.005362309665510372,0.8910545373394563,0.01456001907569986,"{'classifier__alpha': np.float64(2.6530003281818148e-05), 'classifier__batch_size': 32, 'classifier__hidden_layer_sizes': (64, 32), 'classifier__learning_rate_init': np.float64(0.0008725431264340392), 'feature_selection_filter__k': 22}",67.66061997413635,"[1, 2, 3, 4, 5, 6, 7, 8, 9, 10, 11, 12, 14, 16, 17, 18, 19, 20, 21, 27, 28, 29]","['V1', 'V2', 'V3', 'V4', 'V5', 'V6', 'V7', 'V8', 'V9', 'V10', 'V11', 'V12', 'V14', 'V16', 'V17', 'V18', 'V19', 'V20', 'V21', 'V27', 'V28', 'Time_sin']"
CostSensitiveLearning_ClusterCentroids___RandomizedSearchCV__niter_30__cv_5,6,1,MLPClassifier,resubstitution,369,22116,18,57,0.9966755319148937,0.9534883720930233,0.8661971830985915,0.9077490774907749,0.9991867714827867,0.0008132285172133269,0.9326919772906891,0.9303186372677729,0.9071432635884172,0.9060603092814413,0.9877483327118519,0.9073981444775192,22560,0.9006149430731266,0.004420911135179928,0.889290935372421,0.010452782533054794,"{'classifier__alpha': np.float64(0.005935703084485433), 'classifier__batch_size': 32, 'classifier__hidden_layer_sizes': (32,), 'classifier__learning_rate_init': np.float64(0.0023584189708015864), 'feature_selection_filter__k': 20}",63.59424686431885,"[1, 2, 3, 4, 5, 6, 7, 8, 9, 10, 11, 12, 14, 16, 17, 18, 19, 20, 21, 27]","['V1', 'V2', 'V3', 'V4', 'V5', 'V6', 'V7', 'V8', 'V9', 'V10', 'V11', 'V12', 'V14', 'V16', 'V17', 'V18', 'V19', 'V20', 'V21', 'V27']"
CostSensitiveLearning_ClusterCentroids___RandomizedSearchCV__niter_30__cv_5,6,2,MLPClassifier,resubstitution,369,22121,13,57,0.9968971631205674,0.9659685863874345,0.8661971830985915,0.9133663366336634,0.9994126682931237,0.000587331706876304,0.9328049256958576,0.9304237948529427,0.9131961498261632,0.9117913987229861,0.993904179875797,0.9262342103402571,22560,0.8955901380971248,0.0058075139671814385,0.887212288188627,0.03132734706625042,"{'classifier__alpha': np.float64(3.3028014163207157e-05), 'classifier__batch_size': 64, 'classifier__hidden_layer_sizes': (128, 64), 'classifier__learning_rate_init': np.float64(0.00020569472660670278), 'feature_selection_filter__k': 'all'}",65.82573771476746,"[0, 1, 2, 3, 4, 5, 6, 7, 8, 9, 10, 11, 12, 13, 14, 15, 16, 17, 18, 19, 20, 21, 22, 23, 24, 25, 26, 27, 28, 29, 30]","['Amount_log1p', 'V1', 'V2', 'V3', 'V4', 'V5', 'V6', 'V7', 'V8', 'V9', 'V10', 'V11', 'V12', 'V13', 'V14', 'V15', 'V16', 'V17', 'V18', 'V19', 'V20', 'V21', 'V22', 'V23', 'V24', 'V25', 'V26', 'V27', 'V28', 'Time_sin', 'Time_cos']"
CostSensitiveLearning_ClusterCentroids___RandomizedSearchCV__niter_30__cv_5,6,3,MLPClassifier,resubstitution,371,22111,23,55,0.9965425531914893,0.9416243654822335,0.8708920187793427,0.9048780487804878,0.9989608746724497,0.0010391253275503498,0.9349264467258962,0.932730964868792,0.9038342394108667,0.9031200573985912,0.9879744416318701,0.9127004239436919,22560,0.9023035180816168,0.015391467748541238,0.8884925529048099,0.01665403076560922,"{'classifier__alpha': np.float64(0.006042631283457132), 'classifier__batch_size': 32, 'classifier__hidden_layer_sizes': (32,), 'classifier__learning_rate_init': np.float64(0.0014014622468105885), 'feature_selection_filter__k': 24}",62.78335118293762,"[0, 1, 2, 3, 4, 5, 6, 7, 8, 9, 10, 11, 12, 14, 16, 17, 18, 19, 20, 21, 23, 27, 28, 29]","['Amount_log1p', 'V1', 'V2', 'V3', 'V4', 'V5', 'V6', 'V7', 'V8', 'V9', 'V10', 'V11', 'V12', 'V14', 'V16', 'V17', 'V18', 'V19', 'V20', 'V21', 'V23', 'V27', 'V28', 'Time_sin']"
CostSensitiveLearning_ClusterCentroids___RandomizedSearchCV__niter_30__cv_5,6,4,MLPClassifier,resubstitution,371,22114,20,55,0.9966755319148937,0.948849104859335,0.8708920187793427,0.9082007343941249,0.9990964127586518,0.0009035872413482027,0.9349942157689972,0.9327942387593213,0.90737497970188,0.9065110108148858,0.9794987508860883,0.8980538216290465,22560,0.9041398568869378,0.007599039690486419,0.898795533734558,0.018849838347975306,"{'classifier__alpha': np.float64(3.5659421374681586e-05), 'classifier__batch_size': 64, 'classifier__hidden_layer_sizes': (64, 32), 'classifier__learning_rate_init': np.float64(0.0010909097848347104), 'feature_selection_filter__k': 28}",66.24098825454712,"[0, 1, 2, 3, 4, 5, 6, 7, 8, 9, 10, 11, 12, 14, 16, 17, 18, 19, 20, 21, 22, 23, 24, 26, 27, 28, 29, 30]","['Amount_log1p', 'V1', 'V2', 'V3', 'V4', 'V5', 'V6', 'V7', 'V8', 'V9', 'V10', 'V11', 'V12', 'V14', 'V16', 'V17', 'V18', 'V19', 'V20', 'V21', 'V22', 'V23', 'V24', 'V26', 'V27', 'V28', 'Time_sin', 'Time_cos']"
CostSensitiveLearning_ClusterCentroids___RandomizedSearchCV__niter_30__cv_5,6,5,MLPClassifier,resubstitution,360,22122,13,65,0.9965425531914893,0.9651474530831099,0.8470588235294118,0.9022556390977443,0.9994126948271967,0.0005873051728032541,0.9232357591783042,0.92008768141992,0.9024909807196673,0.9005033973525698,0.9724958343852563,0.8851236111578559,22560,0.9032167810443369,0.007965271602356822,0.9022240602885765,0.01471702552508647,"{'classifier__alpha': np.float64(0.00011618722004329556), 'classifier__batch_size': 32, 'classifier__hidden_layer_sizes': (128, 64), 'classifier__learning_rate_init': np.float64(0.0001669175297564854), 'feature_selection_filter__k': 'all'}",64.05141830444336,"[0, 1, 2, 3, 4, 5, 6, 7, 8, 9, 10, 11, 12, 13, 14, 15, 16, 17, 18, 19, 20, 21, 22, 23, 24, 25, 26, 27, 28, 29, 30]","['Amount_log1p', 'V1', 'V2', 'V3', 'V4', 'V5', 'V6', 'V7', 'V8', 'V9', 'V10', 'V11', 'V12', 'V13', 'V14', 'V15', 'V16', 'V17', 'V18', 'V19', 'V20', 'V21', 'V22', 'V23', 'V24', 'V25', 'V26', 'V27', 'V28', 'Time_sin', 'Time_cos']"
CostSensitiveLearning_ClusterCentroids___RandomizedSearchCV__niter_30__cv_5,6,6,MLPClassifier,resubstitution,372,22128,7,53,0.9973404255319149,0.9815303430079155,0.8752941176470588,0.9253731343283582,0.9996837587531059,0.00031624124689411115,0.9374889382000824,0.9354236011261929,0.9255952866468034,0.924023733602603,0.997433184071008,0.9531402593506174,22560,0.9106187063979989,0.014566290127174794,0.8883831720919391,0.015322335700322143,"{'classifier__alpha': np.float64(0.009932275295624623), 'classifier__batch_size': 16, 'classifier__hidden_layer_sizes': (128,), 'classifier__learning_rate_init': np.float64(0.0011229165863211764), 'feature_selection_filter__k': 'all'}",64.26421618461609,"[0, 1, 2, 3, 4, 5, 6, 7, 8, 9, 10, 11, 12, 13, 14, 15, 16, 17, 18, 19, 20, 21, 22, 23, 24, 25, 26, 27, 28, 29, 30]","['Amount_log1p', 'V1', 'V2', 'V3', 'V4', 'V5', 'V6', 'V7', 'V8', 'V9', 'V10', 'V11', 'V12', 'V13', 'V14', 'V15', 'V16', 'V17', 'V18', 'V19', 'V20', 'V21', 'V22', 'V23', 'V24', 'V25', 'V26', 'V27', 'V28', 'Time_sin', 'Time_cos']"
CostSensitiveLearning_ClusterCentroids___RandomizedSearchCV__niter_30__cv_5,6,7,MLPClassifier,resubstitution,356,22121,14,69,0.9963209219858156,0.9621621621621622,0.8376470588235294,0.8955974842767296,0.9993675175062119,0.0006324824937881113,0.9185072881648706,0.9149411247303568,0.8959581744379055,0.8937340741287236,0.9735170544386719,0.8865999292145812,22560,0.8983288349667369,0.009477423735641859,0.8892398587363666,0.03463522361534845,"{'classifier__alpha': np.float64(7.545090266800393e-05), 'classifier__batch_size': 128, 'classifier__hidden_layer_sizes': (128, 32), 'classifier__learning_rate_init': np.float64(0.0005529007044702671), 'feature_selection_filter__k': 'all'}",62.44431114196777,"[0, 1, 2, 3, 4, 5, 6, 7, 8, 9, 10, 11, 12, 13, 14, 15, 16, 17, 18, 19, 20, 21, 22, 23, 24, 25, 26, 27, 28, 29, 30]","['Amount_log1p', 'V1', 'V2', 'V3', 'V4', 'V5', 'V6', 'V7', 'V8', 'V9', 'V10', 'V11', 'V12', 'V13', 'V14', 'V15', 'V16', 'V17', 'V18', 'V19', 'V20', 'V21', 'V22', 'V23', 'V24', 'V25', 'V26', 'V27', 'V28', 'Time_sin', 'Time_cos']"
CostSensitiveLearning_ClusterCentroids___RandomizedSearchCV__niter_30__cv_5,6,8,MLPClassifier,resubstitution,354,22122,13,72,0.996232436505474,0.9645776566757494,0.8309859154929577,0.89281210592686,0.9994126948271967,0.0005873051728032541,0.9151993051600773,0.9113165603489614,0.8934707789753183,0.890905428312325,0.9813087848679306,0.8915114224636113,22561,0.8987748212378754,0.0037383855083988164,0.8930624552185336,0.011453052609945578,"{'classifier__alpha': np.float64(0.0007062613093887227), 'classifier__batch_size': 128, 'classifier__hidden_layer_sizes': (128,), 'classifier__learning_rate_init': np.float64(0.0017983027219368067), 'feature_selection_filter__k': 'all'}",59.72570586204529,"[0, 1, 2, 3, 4, 5, 6, 7, 8, 9, 10, 11, 12, 13, 14, 15, 16, 17, 18, 19, 20, 21, 22, 23, 24, 25, 26, 27, 28, 29, 30]","['Amount_log1p', 'V1', 'V2', 'V3', 'V4', 'V5', 'V6', 'V7', 'V8', 'V9', 'V10', 'V11', 'V12', 'V13', 'V14', 'V15', 'V16', 'V17', 'V18', 'V19', 'V20', 'V21', 'V22', 'V23', 'V24', 'V25', 'V26', 'V27', 'V28', 'Time_sin', 'Time_cos']"
CostSensitiveLearning_ClusterCentroids___RandomizedSearchCV__niter_30__cv_5,6,9,MLPClassifier,resubstitution,347,22119,16,79,0.9957891937414122,0.9559228650137741,0.8145539906103286,0.8795944233206591,0.9992771628642422,0.0007228371357578256,0.9069155767372854,0.9022001999206362,0.8803768971980809,0.8774654539302934,0.9523648630734789,0.8616060643096215,22561,0.90310597987582,0.0057922259840334596,0.8931543712109893,0.01819148562926599,"{'classifier__alpha': np.float64(0.0002073981237419258), 'classifier__batch_size': 16, 'classifier__hidden_layer_sizes': (64,), 'classifier__learning_rate_init': np.float64(0.0006166970394263135), 'feature_selection_filter__k': 'all'}",59.92054486274719,"[0, 1, 2, 3, 4, 5, 6, 7, 8, 9, 10, 11, 12, 13, 14, 15, 16, 17, 18, 19, 20, 21, 22, 23, 24, 25, 26, 27, 28, 29, 30]","['Amount_log1p', 'V1', 'V2', 'V3', 'V4', 'V5', 'V6', 'V7', 'V8', 'V9', 'V10', 'V11', 'V12', 'V13', 'V14', 'V15', 'V16', 'V17', 'V18', 'V19', 'V20', 'V21', 'V22', 'V23', 'V24', 'V25', 'V26', 'V27', 'V28', 'Time_sin', 'Time_cos']"
CostSensitiveLearning_ClusterCentroids___RandomizedSearchCV__niter_30__cv_5,6,10,MLPClassifier,resubstitution,345,22124,11,81,0.9959221665706307,0.9691011235955056,0.8098591549295775,0.8823529411764706,0.9995030494691665,0.0004969505308335398,0.9046811021993719,0.8996981132539041,0.8839691218154478,0.8802949815420266,0.9419977284079449,0.8613030181241074,22561,0.9066997648441026,0.01313700351950279,0.8940634865738838,0.004825378639013748,"{'classifier__alpha': np.float64(1.0662730573378048e-05), 'classifier__batch_size': 64, 'classifier__hidden_layer_sizes': (128,), 'classifier__learning_rate_init': np.float64(0.0017157576867688504), 'feature_selection_filter__k': 'all'}",61.373560428619385,"[0, 1, 2, 3, 4, 5, 6, 7, 8, 9, 10, 11, 12, 13, 14, 15, 16, 17, 18, 19, 20, 21, 22, 23, 24, 25, 26, 27, 28, 29, 30]","['Amount_log1p', 'V1', 'V2', 'V3', 'V4', 'V5', 'V6', 'V7', 'V8', 'V9', 'V10', 'V11', 'V12', 'V13', 'V14', 'V15', 'V16', 'V17', 'V18', 'V19', 'V20', 'V21', 'V22', 'V23', 'V24', 'V25', 'V26', 'V27', 'V28', 'Time_sin', 'Time_cos']"
CostSensitiveLearning_ClusterCentroids___RandomizedSearchCV__niter_30__cv_5,7,1,MLPClassifier,resubstitution,356,22126,8,70,0.9965425531914893,0.978021978021978,0.8356807511737089,0.9012658227848102,0.9996385651034607,0.00036143489653928107,0.9176596581385847,0.9139905398787608,0.9024002912173196,0.8995173213390015,0.9843249885142608,0.8955864600193226,22560,0.9019248690153667,0.008214561775759209,0.889833784624782,0.033730234967432625,"{'classifier__alpha': np.float64(3.4959097798406175e-05), 'classifier__batch_size': 16, 'classifier__hidden_layer_sizes': (128, 64), 'classifier__learning_rate_init': np.float64(0.00014559310436023504), 'feature_selection_filter__k': 26}",60.787572383880615,"[0, 1, 2, 3, 4, 5, 6, 7, 8, 9, 10, 11, 12, 13, 14, 16, 17, 18, 19, 20, 21, 23, 24, 27, 28, 29]","['Amount_log1p', 'V1', 'V2', 'V3', 'V4', 'V5', 'V6', 'V7', 'V8', 'V9', 'V10', 'V11', 'V12', 'V13', 'V14', 'V16', 'V17', 'V18', 'V19', 'V20', 'V21', 'V23', 'V24', 'V27', 'V28', 'Time_sin']"
CostSensitiveLearning_ClusterCentroids___RandomizedSearchCV__niter_30__cv_5,7,2,MLPClassifier,resubstitution,396,22086,48,30,0.9965425531914893,0.8918918918918919,0.9295774647887324,0.9103448275862069,0.9978313906207644,0.0021686093792355754,0.9637044277047484,0.9630999815075616,0.9087851359593682,0.9085828851002072,0.9949630314036867,0.9639951158209615,22560,0.8929000243731526,0.0011881790910607233,0.8887390470466794,0.02377939673042099,"{'classifier__alpha': np.float64(0.0001761429040564045), 'classifier__batch_size': 128, 'classifier__hidden_layer_sizes': (128, 64, 32), 'classifier__learning_rate_init': np.float64(0.0005420441584833075), 'feature_selection_filter__k': 'all'}",62.654744386672974,"[0, 1, 2, 3, 4, 5, 6, 7, 8, 9, 10, 11, 12, 13, 14, 15, 16, 17, 18, 19, 20, 21, 22, 23, 24, 25, 26, 27, 28, 29, 30]","['Amount_log1p', 'V1', 'V2', 'V3', 'V4', 'V5', 'V6', 'V7', 'V8', 'V9', 'V10', 'V11', 'V12', 'V13', 'V14', 'V15', 'V16', 'V17', 'V18', 'V19', 'V20', 'V21', 'V22', 'V23', 'V24', 'V25', 'V26', 'V27', 'V28', 'Time_sin', 'Time_cos']"
CostSensitiveLearning_ClusterCentroids___RandomizedSearchCV__niter_30__cv_5,7,3,MLPClassifier,resubstitution,374,22120,14,52,0.9970744680851064,0.9639175257731959,0.8779342723004695,0.918918918918919,0.9993674889310563,0.0006325110689436864,0.938650880615763,0.9366850960463898,0.9184710158136575,0.9174325845836894,0.9938054428192601,0.9344051464345007,22560,0.9115020333137421,0.012272655510847707,0.8950583491994657,0.018920348502085866,"{'classifier__alpha': np.float64(0.0007451841891057863), 'classifier__batch_size': 128, 'classifier__hidden_layer_sizes': (128, 64), 'classifier__learning_rate_init': np.float64(0.0009744041571834203), 'feature_selection_filter__k': 'all'}",64.3431613445282,"[0, 1, 2, 3, 4, 5, 6, 7, 8, 9, 10, 11, 12, 13, 14, 15, 16, 17, 18, 19, 20, 21, 22, 23, 24, 25, 26, 27, 28, 29, 30]","['Amount_log1p', 'V1', 'V2', 'V3', 'V4', 'V5', 'V6', 'V7', 'V8', 'V9', 'V10', 'V11', 'V12', 'V13', 'V14', 'V15', 'V16', 'V17', 'V18', 'V19', 'V20', 'V21', 'V22', 'V23', 'V24', 'V25', 'V26', 'V27', 'V28', 'Time_sin', 'Time_cos']"
CostSensitiveLearning_ClusterCentroids___RandomizedSearchCV__niter_30__cv_5,7,4,MLPClassifier,resubstitution,351,22123,11,75,0.9961879432624113,0.9696132596685083,0.823943661971831,0.8908629441624365,0.9995030270172586,0.0004969729827414282,0.9117233444945447,0.9074878424709226,0.8919880397957227,0.8889360585489972,0.9432567362853062,0.8643642414463611,22560,0.8985325486639587,0.006546234573532054,0.8865617825617482,0.017573657069401387,"{'classifier__alpha': np.float64(0.0011516468962792074), 'classifier__batch_size': 128, 'classifier__hidden_layer_sizes': (64,), 'classifier__learning_rate_init': np.float64(0.00420079413888319), 'feature_selection_filter__k': 20}",61.46665549278259,"[1, 2, 3, 4, 5, 6, 7, 8, 9, 10, 11, 12, 14, 16, 17, 18, 19, 20, 21, 27]","['V1', 'V2', 'V3', 'V4', 'V5', 'V6', 'V7', 'V8', 'V9', 'V10', 'V11', 'V12', 'V14', 'V16', 'V17', 'V18', 'V19', 'V20', 'V21', 'V27']"
CostSensitiveLearning_ClusterCentroids___RandomizedSearchCV__niter_30__cv_5,7,5,MLPClassifier,resubstitution,349,22126,9,76,0.9962322695035462,0.9748603351955307,0.8211764705882353,0.8914431673052363,0.9995934041111362,0.00040659588886382547,0.9103849373496857,0.9060036333322634,0.8929313554074165,0.8895403158262184,0.9473828777953468,0.8673068978123711,22560,0.900667499409342,0.004682980965997568,0.8932410816891897,0.027787507505672285,"{'classifier__alpha': np.float64(0.0016559650144299732), 'classifier__batch_size': 32, 'classifier__hidden_layer_sizes': (128, 32), 'classifier__learning_rate_init': np.float64(0.0002308557780137751), 'feature_selection_filter__k': 'all'}",58.00515055656433,"[0, 1, 2, 3, 4, 5, 6, 7, 8, 9, 10, 11, 12, 13, 14, 15, 16, 17, 18, 19, 20, 21, 22, 23, 24, 25, 26, 27, 28, 29, 30]","['Amount_log1p', 'V1', 'V2', 'V3', 'V4', 'V5', 'V6', 'V7', 'V8', 'V9', 'V10', 'V11', 'V12', 'V13', 'V14', 'V15', 'V16', 'V17', 'V18', 'V19', 'V20', 'V21', 'V22', 'V23', 'V24', 'V25', 'V26', 'V27', 'V28', 'Time_sin', 'Time_cos']"
CostSensitiveLearning_ClusterCentroids___RandomizedSearchCV__niter_30__cv_5,7,6,MLPClassifier,resubstitution,357,22126,9,68,0.9965868794326241,0.9754098360655737,0.84,0.9026548672566371,0.9995934041111362,0.00040659588886382547,0.9197967020555681,0.9163287944037087,0.9035348592457585,0.9009276907651823,0.9596015891787029,0.8716674661141572,22560,0.8964622538145729,0.008985086130232998,0.8896799384546619,0.022850850505322214,"{'classifier__alpha': np.float64(0.0015939100484982523), 'classifier__batch_size': 16, 'classifier__hidden_layer_sizes': (128,), 'classifier__learning_rate_init': np.float64(0.0002448527620008479), 'feature_selection_filter__k': 20}",61.567214012145996,"[1, 2, 3, 4, 5, 6, 7, 8, 9, 10, 11, 12, 14, 16, 17, 18, 19, 20, 21, 27]","['V1', 'V2', 'V3', 'V4', 'V5', 'V6', 'V7', 'V8', 'V9', 'V10', 'V11', 'V12', 'V14', 'V16', 'V17', 'V18', 'V19', 'V20', 'V21', 'V27']"
CostSensitiveLearning_ClusterCentroids___RandomizedSearchCV__niter_30__cv_5,7,7,MLPClassifier,resubstitution,358,22097,38,67,0.995345744680851,0.9040404040404041,0.8423529411764706,0.8721071863580999,0.9982832618025751,0.0017167381974249052,0.9203181014895229,0.9170097282508184,0.8703033474363859,0.8697399417986974,0.9625646899374161,0.8738936929939307,22560,0.9007712045972817,0.024104375815126006,0.8868860239250497,0.03655090056480097,"{'classifier__alpha': np.float64(0.009967180459955104), 'classifier__batch_size': 64, 'classifier__hidden_layer_sizes': (128, 32), 'classifier__learning_rate_init': np.float64(0.0019486575625684915), 'feature_selection_filter__k': 'all'}",60.38309073448181,"[0, 1, 2, 3, 4, 5, 6, 7, 8, 9, 10, 11, 12, 13, 14, 15, 16, 17, 18, 19, 20, 21, 22, 23, 24, 25, 26, 27, 28, 29, 30]","['Amount_log1p', 'V1', 'V2', 'V3', 'V4', 'V5', 'V6', 'V7', 'V8', 'V9', 'V10', 'V11', 'V12', 'V13', 'V14', 'V15', 'V16', 'V17', 'V18', 'V19', 'V20', 'V21', 'V22', 'V23', 'V24', 'V25', 'V26', 'V27', 'V28', 'Time_sin', 'Time_cos']"
CostSensitiveLearning_ClusterCentroids___RandomizedSearchCV__niter_30__cv_5,7,8,MLPClassifier,resubstitution,383,22116,19,43,0.9972518948628164,0.9527363184079602,0.8990610328638498,0.9251207729468599,0.9991416309012876,0.0008583690987123971,0.9491013318825687,0.947781254644437,0.924125163668144,0.9237222328013452,0.9946245351030965,0.9436236504506332,22561,0.9079228658950245,0.016956358619456255,0.9035297547554318,0.020970804129767668,"{'classifier__alpha': np.float64(0.0041710868976291915), 'classifier__batch_size': 16, 'classifier__hidden_layer_sizes': (128, 64, 32), 'classifier__learning_rate_init': np.float64(0.0003751537971501355), 'feature_selection_filter__k': 'all'}",64.2365665435791,"[0, 1, 2, 3, 4, 5, 6, 7, 8, 9, 10, 11, 12, 13, 14, 15, 16, 17, 18, 19, 20, 21, 22, 23, 24, 25, 26, 27, 28, 29, 30]","['Amount_log1p', 'V1', 'V2', 'V3', 'V4', 'V5', 'V6', 'V7', 'V8', 'V9', 'V10', 'V11', 'V12', 'V13', 'V14', 'V15', 'V16', 'V17', 'V18', 'V19', 'V20', 'V21', 'V22', 'V23', 'V24', 'V25', 'V26', 'V27', 'V28', 'Time_sin', 'Time_cos']"
CostSensitiveLearning_ClusterCentroids___RandomizedSearchCV__niter_30__cv_5,7,9,MLPClassifier,resubstitution,402,22109,26,24,0.9977837861796907,0.9392523364485982,0.9436619718309859,0.9414519906323185,0.9988253896543935,0.0011746103456065082,0.9712436807426896,0.9708519643674404,0.9403251919998811,0.9403225128948974,0.9986073507531144,0.9778190778039741,22561,0.9064875756626763,0.02699157834542864,0.8922734867757504,0.03485255301018864,"{'classifier__alpha': np.float64(0.005206656223528358), 'classifier__batch_size': 16, 'classifier__hidden_layer_sizes': (128, 64, 32), 'classifier__learning_rate_init': np.float64(0.0003724378455319516), 'feature_selection_filter__k': 'all'}",63.773114919662476,"[0, 1, 2, 3, 4, 5, 6, 7, 8, 9, 10, 11, 12, 13, 14, 15, 16, 17, 18, 19, 20, 21, 22, 23, 24, 25, 26, 27, 28, 29, 30]","['Amount_log1p', 'V1', 'V2', 'V3', 'V4', 'V5', 'V6', 'V7', 'V8', 'V9', 'V10', 'V11', 'V12', 'V13', 'V14', 'V15', 'V16', 'V17', 'V18', 'V19', 'V20', 'V21', 'V22', 'V23', 'V24', 'V25', 'V26', 'V27', 'V28', 'Time_sin', 'Time_cos']"
CostSensitiveLearning_ClusterCentroids___RandomizedSearchCV__niter_30__cv_5,7,10,MLPClassifier,resubstitution,360,22117,18,66,0.9962767607818802,0.9523809523809523,0.8450704225352113,0.8955223880597015,0.9991868082222725,0.0008131917777275399,0.9221286153787418,0.9189032692378479,0.8952891309762943,0.8936338734695225,0.9809301861920716,0.8887409823829077,22561,0.9088197665800072,0.015573196806737886,0.8901352062427819,0.024047896311970227,"{'classifier__alpha': np.float64(3.42094441003675e-05), 'classifier__batch_size': 32, 'classifier__hidden_layer_sizes': (128, 64, 32), 'classifier__learning_rate_init': np.float64(0.0005782558169410542), 'feature_selection_filter__k': 'all'}",62.59298062324524,"[0, 1, 2, 3, 4, 5, 6, 7, 8, 9, 10, 11, 12, 13, 14, 15, 16, 17, 18, 19, 20, 21, 22, 23, 24, 25, 26, 27, 28, 29, 30]","['Amount_log1p', 'V1', 'V2', 'V3', 'V4', 'V5', 'V6', 'V7', 'V8', 'V9', 'V10', 'V11', 'V12', 'V13', 'V14', 'V15', 'V16', 'V17', 'V18', 'V19', 'V20', 'V21', 'V22', 'V23', 'V24', 'V25', 'V26', 'V27', 'V28', 'Time_sin', 'Time_cos']"
CostSensitiveLearning_ClusterCentroids___RandomizedSearchCV__niter_30__cv_5,8,1,MLPClassifier,resubstitution,351,22125,9,75,0.9962765957446809,0.975,0.823943661971831,0.8931297709923665,0.9995933857413933,0.00040661425860666345,0.9117685238566122,0.9075288616515645,0.8945202075775627,0.8912486571357738,0.9544198566902151,0.876821404421116,22560,0.9035735386474416,0.0071499364327720855,0.8978325745213793,0.02349473395917357,"{'classifier__alpha': np.float64(0.004375394207545508), 'classifier__batch_size': 128, 'classifier__hidden_layer_sizes': (128, 64, 32), 'classifier__learning_rate_init': np.float64(0.000307279499691109), 'feature_selection_filter__k': 26}",62.573928117752075,"[0, 1, 2, 3, 4, 5, 6, 7, 8, 9, 10, 11, 12, 14, 16, 17, 18, 19, 20, 21, 22, 23, 24, 27, 28, 29]","['Amount_log1p', 'V1', 'V2', 'V3', 'V4', 'V5', 'V6', 'V7', 'V8', 'V9', 'V10', 'V11', 'V12', 'V14', 'V16', 'V17', 'V18', 'V19', 'V20', 'V21', 'V22', 'V23', 'V24', 'V27', 'V28', 'Time_sin']"
CostSensitiveLearning_ClusterCentroids___RandomizedSearchCV__niter_30__cv_5,8,2,MLPClassifier,resubstitution,375,22090,44,51,0.9957890070921985,0.8949880668257757,0.8802816901408451,0.8875739644970414,0.9980121080690341,0.001987891930965935,0.9391468991049396,0.9373002642014122,0.8854599877722779,0.8854284341479718,0.9906548716715218,0.9241654417707023,22560,0.8996508974086963,0.013954622782284693,0.8969258053449026,0.01627529051369809,"{'classifier__alpha': np.float64(3.344555717843166e-05), 'classifier__batch_size': 32, 'classifier__hidden_layer_sizes': (128, 64), 'classifier__learning_rate_init': np.float64(0.0008624830348101247), 'feature_selection_filter__k': 20}",62.65027594566345,"[1, 2, 3, 4, 5, 6, 7, 8, 9, 10, 11, 12, 14, 16, 17, 18, 19, 20, 21, 27]","['V1', 'V2', 'V3', 'V4', 'V5', 'V6', 'V7', 'V8', 'V9', 'V10', 'V11', 'V12', 'V14', 'V16', 'V17', 'V18', 'V19', 'V20', 'V21', 'V27']"
CostSensitiveLearning_ClusterCentroids___RandomizedSearchCV__niter_30__cv_5,8,3,MLPClassifier,resubstitution,377,22072,62,49,0.9950797872340426,0.8587699316628702,0.8849765258215962,0.8716763005780347,0.9971988795518207,0.0028011204481792618,0.9410877026867085,0.9394134339996202,0.869270737401988,0.8691686870035755,0.9913301228412006,0.9221851045096695,22560,0.8972828955317315,0.010962435273126365,0.8882692027641955,0.01785955944985933,"{'classifier__alpha': np.float64(1.226279061587774e-05), 'classifier__batch_size': 32, 'classifier__hidden_layer_sizes': (128, 64, 32), 'classifier__learning_rate_init': np.float64(0.0005736494277426431), 'feature_selection_filter__k': 20}",62.40370798110962,"[1, 2, 3, 4, 5, 6, 7, 8, 9, 10, 11, 12, 14, 16, 17, 18, 19, 20, 21, 27]","['V1', 'V2', 'V3', 'V4', 'V5', 'V6', 'V7', 'V8', 'V9', 'V10', 'V11', 'V12', 'V14', 'V16', 'V17', 'V18', 'V19', 'V20', 'V21', 'V27']"
CostSensitiveLearning_ClusterCentroids___RandomizedSearchCV__niter_30__cv_5,8,4,MLPClassifier,resubstitution,368,22118,16,58,0.9967198581560284,0.9583333333333334,0.863849765258216,0.908641975308642,0.9992771302069214,0.0007228697930785621,0.9315634477325687,0.9290991951116698,0.9082432593273907,0.9069764953835949,0.9892668259186153,0.9113975905456723,22560,0.9031352361077196,0.00911155599389484,0.8946898534671643,0.028728300047795852,"{'classifier__alpha': np.float64(0.0029838145130355), 'classifier__batch_size': 32, 'classifier__hidden_layer_sizes': (128,), 'classifier__learning_rate_init': np.float64(0.0013363655601956487), 'feature_selection_filter__k': 22}",63.97674369812012,"[1, 2, 3, 4, 5, 6, 7, 8, 9, 10, 11, 12, 14, 16, 17, 18, 19, 20, 21, 27, 28, 29]","['V1', 'V2', 'V3', 'V4', 'V5', 'V6', 'V7', 'V8', 'V9', 'V10', 'V11', 'V12', 'V14', 'V16', 'V17', 'V18', 'V19', 'V20', 'V21', 'V27', 'V28', 'Time_sin']"
CostSensitiveLearning_ClusterCentroids___RandomizedSearchCV__niter_30__cv_5,8,5,MLPClassifier,resubstitution,360,22117,18,65,0.9963209219858156,0.9523809523809523,0.8470588235294118,0.8966376089663761,0.9991868082222725,0.0008131917777275399,0.9231228158758421,0.919983696735364,0.8963640242017463,0.8947712704797807,0.9724621374187806,0.8868187377016039,22560,0.898085557554999,0.012034347064368896,0.8946355812212582,0.030111579494212812,"{'classifier__alpha': np.float64(4.311782302276543e-05), 'classifier__batch_size': 32, 'classifier__hidden_layer_sizes': (64, 32), 'classifier__learning_rate_init': np.float64(0.00024168511104319607), 'feature_selection_filter__k': 'all'}",63.31284689903259,"[0, 1, 2, 3, 4, 5, 6, 7, 8, 9, 10, 11, 12, 13, 14, 15, 16, 17, 18, 19, 20, 21, 22, 23, 24, 25, 26, 27, 28, 29, 30]","['Amount_log1p', 'V1', 'V2', 'V3', 'V4', 'V5', 'V6', 'V7', 'V8', 'V9', 'V10', 'V11', 'V12', 'V13', 'V14', 'V15', 'V16', 'V17', 'V18', 'V19', 'V20', 'V21', 'V22', 'V23', 'V24', 'V25', 'V26', 'V27', 'V28', 'Time_sin', 'Time_cos']"
CostSensitiveLearning_ClusterCentroids___RandomizedSearchCV__niter_30__cv_5,8,6,MLPClassifier,resubstitution,313,22128,7,112,0.9947251773049646,0.978125,0.7364705882352941,0.8402684563758389,0.9996837587531059,0.00031624124689411115,0.8680771734942,0.8580429394023179,0.8463709107364766,0.8376409115099908,0.8914633465764892,0.7707564318729967,22560,0.8955911178069232,0.01085091450739278,0.8948968966925275,0.019561960007457184,"{'classifier__alpha': np.float64(0.0019015875855488667), 'classifier__batch_size': 128, 'classifier__hidden_layer_sizes': (128, 64, 32), 'classifier__learning_rate_init': np.float64(0.00019120385252627785), 'feature_selection_filter__k': 'all'}",60.688180923461914,"[0, 1, 2, 3, 4, 5, 6, 7, 8, 9, 10, 11, 12, 13, 14, 15, 16, 17, 18, 19, 20, 21, 22, 23, 24, 25, 26, 27, 28, 29, 30]","['Amount_log1p', 'V1', 'V2', 'V3', 'V4', 'V5', 'V6', 'V7', 'V8', 'V9', 'V10', 'V11', 'V12', 'V13', 'V14', 'V15', 'V16', 'V17', 'V18', 'V19', 'V20', 'V21', 'V22', 'V23', 'V24', 'V25', 'V26', 'V27', 'V28', 'Time_sin', 'Time_cos']"
CostSensitiveLearning_ClusterCentroids___RandomizedSearchCV__niter_30__cv_5,8,7,MLPClassifier,resubstitution,360,22119,16,65,0.9964095744680851,0.9574468085106383,0.8470588235294118,0.898876404494382,0.9992771628642422,0.0007228371357578256,0.923167993196827,0.9200252920195147,0.8988002509387296,0.8970557085363271,0.9695529305465126,0.8840145204996877,22560,0.9088280238269253,0.01980799686989914,0.8905110245040637,0.01949415962627717,"{'classifier__alpha': np.float64(0.00013051801176405825), 'classifier__batch_size': 32, 'classifier__hidden_layer_sizes': (64, 32), 'classifier__learning_rate_init': np.float64(0.001698048638504794), 'feature_selection_filter__k': 28}",58.54731488227844,"[0, 1, 2, 3, 4, 5, 6, 7, 8, 9, 10, 11, 12, 14, 16, 17, 18, 19, 20, 21, 22, 23, 24, 25, 26, 27, 28, 29]","['Amount_log1p', 'V1', 'V2', 'V3', 'V4', 'V5', 'V6', 'V7', 'V8', 'V9', 'V10', 'V11', 'V12', 'V14', 'V16', 'V17', 'V18', 'V19', 'V20', 'V21', 'V22', 'V23', 'V24', 'V25', 'V26', 'V27', 'V28', 'Time_sin']"
CostSensitiveLearning_ClusterCentroids___RandomizedSearchCV__niter_30__cv_5,8,8,MLPClassifier,resubstitution,358,22123,12,68,0.996454057887505,0.9675675675675676,0.8403755868544601,0.8994974874371859,0.9994578721481816,0.000542127851818397,0.9199167295013209,0.9164714921059127,0.9000122837652488,0.8977017698940494,0.985839879272624,0.8993125531062893,22561,0.9182756904528271,0.01609550690149969,0.8902445238932304,0.02399940692436133,"{'classifier__alpha': np.float64(6.428658265405261e-05), 'classifier__batch_size': 32, 'classifier__hidden_layer_sizes': (128, 64), 'classifier__learning_rate_init': np.float64(0.002607106742477805), 'feature_selection_filter__k': 26}",61.93149185180664,"[0, 1, 2, 3, 4, 5, 6, 7, 8, 9, 10, 11, 12, 14, 16, 17, 18, 19, 20, 21, 23, 24, 27, 28, 29, 30]","['Amount_log1p', 'V1', 'V2', 'V3', 'V4', 'V5', 'V6', 'V7', 'V8', 'V9', 'V10', 'V11', 'V12', 'V14', 'V16', 'V17', 'V18', 'V19', 'V20', 'V21', 'V23', 'V24', 'V27', 'V28', 'Time_sin', 'Time_cos']"
CostSensitiveLearning_ClusterCentroids___RandomizedSearchCV__niter_30__cv_5,8,9,MLPClassifier,resubstitution,377,22102,33,49,0.9963654093346926,0.9195121951219513,0.8849765258215962,0.9019138755980861,0.9985091484074994,0.0014908515925006194,0.9417428371145478,0.9400304022523683,0.9002341373592999,0.9000629656655615,0.9934016719850767,0.932142918973506,22561,0.9047474819458419,0.01327984082487579,0.8938273509455648,0.023986233425001547,"{'classifier__alpha': np.float64(0.003216944863047352), 'classifier__batch_size': 16, 'classifier__hidden_layer_sizes': (128, 64), 'classifier__learning_rate_init': np.float64(0.000263821578402635), 'feature_selection_filter__k': 26}",63.94213843345642,"[0, 1, 2, 3, 4, 5, 6, 7, 8, 9, 10, 11, 12, 14, 16, 17, 18, 19, 20, 21, 22, 23, 24, 27, 28, 29]","['Amount_log1p', 'V1', 'V2', 'V3', 'V4', 'V5', 'V6', 'V7', 'V8', 'V9', 'V10', 'V11', 'V12', 'V14', 'V16', 'V17', 'V18', 'V19', 'V20', 'V21', 'V22', 'V23', 'V24', 'V27', 'V28', 'Time_sin']"
CostSensitiveLearning_ClusterCentroids___RandomizedSearchCV__niter_30__cv_5,8,10,MLPClassifier,resubstitution,365,22121,14,61,0.9966756792695359,0.9630606860158312,0.8568075117370892,0.906832298136646,0.9993675175062119,0.0006324824937881113,0.9280875146216505,0.925346203312776,0.9067491654151814,0.9051458186660158,0.9881660871031475,0.9112976165155385,22561,0.9002629966182999,0.010574210153906225,0.8890663075135622,0.019963704978374734,"{'classifier__alpha': np.float64(1.9329983445663102e-05), 'classifier__batch_size': 16, 'classifier__hidden_layer_sizes': (32,), 'classifier__learning_rate_init': np.float64(0.0010670797232609987), 'feature_selection_filter__k': 22}",59.155632734298706,"[1, 2, 3, 4, 5, 6, 7, 8, 9, 10, 11, 12, 14, 16, 17, 18, 19, 20, 21, 27, 28, 29]","['V1', 'V2', 'V3', 'V4', 'V5', 'V6', 'V7', 'V8', 'V9', 'V10', 'V11', 'V12', 'V14', 'V16', 'V17', 'V18', 'V19', 'V20', 'V21', 'V27', 'V28', 'Time_sin']"
CostSensitiveLearning_ClusterCentroids___RandomizedSearchCV__niter_30__cv_5,9,1,MLPClassifier,resubstitution,362,22122,12,64,0.9966312056737588,0.9679144385026738,0.8497652582159625,0.905,0.9994578476551911,0.0005421523448089216,0.9246115529355767,0.9215772110836311,0.9052765047410439,0.90329257380642,0.9882991815535846,0.908308306480186,22560,0.8886029828533417,0.015652780281480223,0.8898788127364616,0.028471580787945993,"{'classifier__alpha': np.float64(0.005280475672376865), 'classifier__batch_size': 16, 'classifier__hidden_layer_sizes': (32,), 'classifier__learning_rate_init': np.float64(0.00047696388816412613), 'feature_selection_filter__k': 24}",59.60975670814514,"[0, 1, 2, 3, 4, 5, 6, 7, 8, 9, 10, 11, 12, 14, 16, 17, 18, 19, 20, 21, 24, 27, 28, 29]","['Amount_log1p', 'V1', 'V2', 'V3', 'V4', 'V5', 'V6', 'V7', 'V8', 'V9', 'V10', 'V11', 'V12', 'V14', 'V16', 'V17', 'V18', 'V19', 'V20', 'V21', 'V24', 'V27', 'V28', 'Time_sin']"
CostSensitiveLearning_ClusterCentroids___RandomizedSearchCV__niter_30__cv_5,9,2,MLPClassifier,resubstitution,358,22114,20,68,0.9960992907801418,0.9470899470899471,0.8403755868544601,0.8905472636815921,0.9990964127586518,0.0009035872413482027,0.919735999806556,0.9163057536631743,0.8902146086465819,0.8885687305429715,0.9558167049948859,0.8666279152296049,22560,0.9197515549227273,0.02094347992034741,0.8930023017583704,0.031242763332579287,"{'classifier__alpha': np.float64(0.0007444899771978187), 'classifier__batch_size': 16, 'classifier__hidden_layer_sizes': (128, 64, 32), 'classifier__learning_rate_init': np.float64(0.0004310929927682152), 'feature_selection_filter__k': 28}",64.70150971412659,"[0, 1, 2, 3, 4, 5, 6, 7, 8, 9, 10, 11, 12, 13, 14, 16, 17, 18, 19, 20, 21, 22, 23, 24, 27, 28, 29, 30]","['Amount_log1p', 'V1', 'V2', 'V3', 'V4', 'V5', 'V6', 'V7', 'V8', 'V9', 'V10', 'V11', 'V12', 'V13', 'V14', 'V16', 'V17', 'V18', 'V19', 'V20', 'V21', 'V22', 'V23', 'V24', 'V27', 'V28', 'Time_sin', 'Time_cos']"
CostSensitiveLearning_ClusterCentroids___RandomizedSearchCV__niter_30__cv_5,9,3,MLPClassifier,resubstitution,378,22113,21,48,0.9969414893617021,0.9473684210526315,0.8873239436619719,0.9163636363636364,0.9990512333965844,0.000948766603415585,0.9431875885292782,0.9415317734085316,0.9153163345830658,0.9148075979643666,0.9936822070945599,0.9293831168759954,22560,0.9062446326466528,0.010031110894153716,0.8963857052967483,0.026619356351691083,"{'classifier__alpha': np.float64(3.911071022910434e-05), 'classifier__batch_size': 32, 'classifier__hidden_layer_sizes': (128,), 'classifier__learning_rate_init': np.float64(0.000492328000827711), 'feature_selection_filter__k': 24}",61.66202259063721,"[1, 2, 3, 4, 5, 6, 7, 8, 9, 10, 11, 12, 14, 16, 17, 18, 19, 20, 21, 23, 24, 27, 28, 29]","['V1', 'V2', 'V3', 'V4', 'V5', 'V6', 'V7', 'V8', 'V9', 'V10', 'V11', 'V12', 'V14', 'V16', 'V17', 'V18', 'V19', 'V20', 'V21', 'V23', 'V24', 'V27', 'V28', 'Time_sin']"
CostSensitiveLearning_ClusterCentroids___RandomizedSearchCV__niter_30__cv_5,9,4,MLPClassifier,resubstitution,375,22108,26,51,0.9965868794326241,0.9351620947630923,0.8802816901408451,0.9068923821039904,0.9988253365862474,0.001174663413752608,0.9395535133635462,0.9376820652255434,0.9055850383594543,0.9051555766961565,0.9930512868482241,0.9323225606520862,22560,0.9083988428386419,0.016444176818601483,0.8958437654161713,0.03779301319439641,"{'classifier__alpha': np.float64(0.00032360932332110333), 'classifier__batch_size': 32, 'classifier__hidden_layer_sizes': (128, 64), 'classifier__learning_rate_init': np.float64(0.0007237407968215514), 'feature_selection_filter__k': 28}",65.37744760513306,"[0, 1, 2, 3, 4, 5, 6, 7, 8, 9, 10, 11, 12, 13, 14, 16, 17, 18, 19, 20, 21, 23, 24, 25, 26, 27, 28, 29]","['Amount_log1p', 'V1', 'V2', 'V3', 'V4', 'V5', 'V6', 'V7', 'V8', 'V9', 'V10', 'V11', 'V12', 'V13', 'V14', 'V16', 'V17', 'V18', 'V19', 'V20', 'V21', 'V23', 'V24', 'V25', 'V26', 'V27', 'V28', 'Time_sin']"
CostSensitiveLearning_ClusterCentroids___RandomizedSearchCV__niter_30__cv_5,9,5,MLPClassifier,resubstitution,364,22120,15,61,0.9966312056737588,0.9604221635883905,0.8564705882352941,0.9054726368159204,0.999322340185227,0.0006776598147729684,0.9278964642102605,0.9251433362107259,0.9053004907399854,0.9037633958966305,0.9910168351957905,0.9132195347647629,22560,0.8994497314911071,0.004040220118561204,0.8905323222061092,0.021937373268305915,"{'classifier__alpha': np.float64(0.0001860210991153381), 'classifier__batch_size': 64, 'classifier__hidden_layer_sizes': (128,), 'classifier__learning_rate_init': np.float64(0.0016587345338393896), 'feature_selection_filter__k': 24}",68.09021782875061,"[0, 1, 2, 3, 4, 5, 6, 7, 8, 9, 10, 11, 12, 14, 16, 17, 18, 19, 20, 21, 24, 27, 28, 29]","['Amount_log1p', 'V1', 'V2', 'V3', 'V4', 'V5', 'V6', 'V7', 'V8', 'V9', 'V10', 'V11', 'V12', 'V14', 'V16', 'V17', 'V18', 'V19', 'V20', 'V21', 'V24', 'V27', 'V28', 'Time_sin']"
CostSensitiveLearning_ClusterCentroids___RandomizedSearchCV__niter_30__cv_5,9,6,MLPClassifier,resubstitution,349,22127,8,76,0.9962765957446809,0.9775910364145658,0.8211764705882353,0.8925831202046036,0.999638581432121,0.0003614185678789683,0.9104075260101782,0.9060241068339514,0.8942101652363117,0.8907031589292481,0.9766980693339001,0.8877150850242616,22560,0.9020127617085812,0.019643343267742724,0.8906121956599664,0.02498168926162202,"{'classifier__alpha': np.float64(0.00919732880532053), 'classifier__batch_size': 16, 'classifier__hidden_layer_sizes': (64,), 'classifier__learning_rate_init': np.float64(0.0026983501372732535), 'feature_selection_filter__k': 24}",62.318767070770264,"[0, 1, 2, 3, 4, 5, 6, 7, 8, 9, 10, 11, 12, 14, 16, 17, 18, 19, 20, 21, 24, 27, 28, 29]","['Amount_log1p', 'V1', 'V2', 'V3', 'V4', 'V5', 'V6', 'V7', 'V8', 'V9', 'V10', 'V11', 'V12', 'V14', 'V16', 'V17', 'V18', 'V19', 'V20', 'V21', 'V24', 'V27', 'V28', 'Time_sin']"
CostSensitiveLearning_ClusterCentroids___RandomizedSearchCV__niter_30__cv_5,9,7,MLPClassifier,resubstitution,414,22063,72,11,0.9963209219858156,0.8518518518518519,0.9741176470588235,0.9088913282107574,0.9967472328890897,0.0032527671109102707,0.9854324399739567,0.9853674792757844,0.9091475352141665,0.9070224727469902,0.9996200853054119,0.986186272710817,22560,0.9110872475723604,0.01100933040810783,0.8929773864476568,0.014814007923298754,"{'classifier__alpha': np.float64(0.0005051768342713284), 'classifier__batch_size': 32, 'classifier__hidden_layer_sizes': (128, 32), 'classifier__learning_rate_init': np.float64(0.0010847188469868825), 'feature_selection_filter__k': 'all'}",63.80349278450012,"[0, 1, 2, 3, 4, 5, 6, 7, 8, 9, 10, 11, 12, 13, 14, 15, 16, 17, 18, 19, 20, 21, 22, 23, 24, 25, 26, 27, 28, 29, 30]","['Amount_log1p', 'V1', 'V2', 'V3', 'V4', 'V5', 'V6', 'V7', 'V8', 'V9', 'V10', 'V11', 'V12', 'V13', 'V14', 'V15', 'V16', 'V17', 'V18', 'V19', 'V20', 'V21', 'V22', 'V23', 'V24', 'V25', 'V26', 'V27', 'V28', 'Time_sin', 'Time_cos']"
CostSensitiveLearning_ClusterCentroids___RandomizedSearchCV__niter_30__cv_5,9,8,MLPClassifier,resubstitution,364,22122,13,62,0.9966756792695359,0.9655172413793104,0.8544600938967136,0.9066002490660025,0.9994126948271967,0.0005873051728032541,0.9269363943619552,0.9240986230179191,0.906665588710819,0.9049143876867567,0.9887743901857042,0.9081842936665476,22561,0.9010716477572037,0.006965101808405292,0.8973694688655595,0.021897327129581763,"{'classifier__alpha': np.float64(0.0007425650219644327), 'classifier__batch_size': 32, 'classifier__hidden_layer_sizes': (32,), 'classifier__learning_rate_init': np.float64(0.0019052728230647502), 'feature_selection_filter__k': 20}",63.47521686553955,"[1, 2, 3, 4, 5, 6, 7, 8, 9, 10, 11, 12, 14, 16, 17, 18, 19, 20, 21, 27]","['V1', 'V2', 'V3', 'V4', 'V5', 'V6', 'V7', 'V8', 'V9', 'V10', 'V11', 'V12', 'V14', 'V16', 'V17', 'V18', 'V19', 'V20', 'V21', 'V27']"
CostSensitiveLearning_ClusterCentroids___RandomizedSearchCV__niter_30__cv_5,9,9,MLPClassifier,resubstitution,356,22126,9,70,0.9964983821639112,0.9753424657534246,0.8356807511737089,0.900126422250316,0.9995934041111362,0.00040659588886382547,0.9176370776424225,0.9139698938235761,0.9011349134422418,0.8983551595854887,0.9684647452518742,0.8839357411049871,22561,0.8985763829211125,0.01056968313494533,0.8965848733865993,0.03990900434397466,"{'classifier__alpha': np.float64(1.9661590384397115e-05), 'classifier__batch_size': 64, 'classifier__hidden_layer_sizes': (32,), 'classifier__learning_rate_init': np.float64(0.007789755361367981), 'feature_selection_filter__k': 20}",61.117157220840454,"[1, 2, 3, 4, 5, 6, 7, 8, 9, 10, 11, 12, 14, 16, 17, 18, 19, 20, 21, 27]","['V1', 'V2', 'V3', 'V4', 'V5', 'V6', 'V7', 'V8', 'V9', 'V10', 'V11', 'V12', 'V14', 'V16', 'V17', 'V18', 'V19', 'V20', 'V21', 'V27']"
CostSensitiveLearning_ClusterCentroids___RandomizedSearchCV__niter_30__cv_5,9,10,MLPClassifier,resubstitution,381,22118,17,45,0.9972518948628164,0.957286432160804,0.8943661971830986,0.9247572815533981,0.9992319855432573,0.0007680144567426828,0.946799091363178,0.9453461329132521,0.9239128987664921,0.9233593159626825,0.9968528587381529,0.956436591047283,22561,0.8973101681122222,0.012874962477930988,0.8911911045754938,0.02293315916949533,"{'classifier__alpha': np.float64(0.0006648970934996712), 'classifier__batch_size': 128, 'classifier__hidden_layer_sizes': (128, 32), 'classifier__learning_rate_init': np.float64(0.0014838602872625146), 'feature_selection_filter__k': 'all'}",63.77074909210205,"[0, 1, 2, 3, 4, 5, 6, 7, 8, 9, 10, 11, 12, 13, 14, 15, 16, 17, 18, 19, 20, 21, 22, 23, 24, 25, 26, 27, 28, 29, 30]","['Amount_log1p', 'V1', 'V2', 'V3', 'V4', 'V5', 'V6', 'V7', 'V8', 'V9', 'V10', 'V11', 'V12', 'V13', 'V14', 'V15', 'V16', 'V17', 'V18', 'V19', 'V20', 'V21', 'V22', 'V23', 'V24', 'V25', 'V26', 'V27', 'V28', 'Time_sin', 'Time_cos']"
CostSensitiveLearning_ClusterCentroids___RandomizedSearchCV__niter_30__cv_5,10,1,MLPClassifier,resubstitution,377,22120,14,49,0.9972074468085106,0.9641943734015346,0.8849765258215962,0.9228886168910648,0.9993674889310563,0.0006325110689436864,0.9421720073763262,0.9404343509109282,0.9223474742268718,0.9214692490845041,0.9945130407153017,0.9479949901740019,22560,0.9111746542128276,0.01833296342983731,0.8914433141107132,0.03007891941239772,"{'classifier__alpha': np.float64(5.2860409585126265e-05), 'classifier__batch_size': 32, 'classifier__hidden_layer_sizes': (128, 64, 32), 'classifier__learning_rate_init': np.float64(0.00037843851956688304), 'feature_selection_filter__k': 24}",62.15333843231201,"[0, 1, 2, 3, 4, 5, 6, 7, 8, 9, 10, 11, 12, 14, 16, 17, 18, 19, 20, 21, 24, 27, 28, 29]","['Amount_log1p', 'V1', 'V2', 'V3', 'V4', 'V5', 'V6', 'V7', 'V8', 'V9', 'V10', 'V11', 'V12', 'V14', 'V16', 'V17', 'V18', 'V19', 'V20', 'V21', 'V24', 'V27', 'V28', 'Time_sin']"
CostSensitiveLearning_ClusterCentroids___RandomizedSearchCV__niter_30__cv_5,10,2,MLPClassifier,resubstitution,348,22124,10,78,0.9960992907801418,0.9720670391061452,0.8169014084507042,0.8877551020408163,0.999548206379326,0.0004517936206740458,0.9082248074150151,0.9036217890277141,0.8892555376955111,0.8857854528333409,0.962956528969304,0.8694864303208657,22560,0.8892254927969588,0.0040493112558974255,0.8897961514788306,0.02825343102622616,"{'classifier__alpha': np.float64(0.00018135346135645947), 'classifier__batch_size': 16, 'classifier__hidden_layer_sizes': (64,), 'classifier__learning_rate_init': np.float64(0.00016561979632712177), 'feature_selection_filter__k': 28}",58.991265058517456,"[0, 1, 2, 3, 4, 5, 6, 7, 8, 9, 10, 11, 12, 13, 14, 16, 17, 18, 19, 20, 21, 23, 24, 25, 27, 28, 29, 30]","['Amount_log1p', 'V1', 'V2', 'V3', 'V4', 'V5', 'V6', 'V7', 'V8', 'V9', 'V10', 'V11', 'V12', 'V13', 'V14', 'V16', 'V17', 'V18', 'V19', 'V20', 'V21', 'V23', 'V24', 'V25', 'V27', 'V28', 'Time_sin', 'Time_cos']"
CostSensitiveLearning_ClusterCentroids___RandomizedSearchCV__niter_30__cv_5,10,3,MLPClassifier,resubstitution,350,22125,9,76,0.9962322695035462,0.9749303621169917,0.8215962441314554,0.89171974522293,0.9995933857413933,0.00040661425860666345,0.9105948149364244,0.906235163400634,0.8931917767384546,0.8898167358587227,0.970086277733871,0.8794779185336423,22560,0.8910008075550847,0.013800992638017063,0.8884479805691707,0.014469471867717916,"{'classifier__alpha': np.float64(0.0014262055793121857), 'classifier__batch_size': 128, 'classifier__hidden_layer_sizes': (128, 32), 'classifier__learning_rate_init': np.float64(0.0004461022200754626), 'feature_selection_filter__k': 26}",60.38409113883972,"[0, 1, 2, 3, 4, 5, 6, 7, 8, 9, 10, 11, 12, 14, 16, 17, 18, 19, 20, 21, 22, 23, 24, 27, 28, 29]","['Amount_log1p', 'V1', 'V2', 'V3', 'V4', 'V5', 'V6', 'V7', 'V8', 'V9', 'V10', 'V11', 'V12', 'V14', 'V16', 'V17', 'V18', 'V19', 'V20', 'V21', 'V22', 'V23', 'V24', 'V27', 'V28', 'Time_sin']"
CostSensitiveLearning_ClusterCentroids___RandomizedSearchCV__niter_30__cv_5,10,4,MLPClassifier,resubstitution,366,22122,12,60,0.9968085106382979,0.9682539682539683,0.8591549295774648,0.9104477611940298,0.9994578476551911,0.0005421523448089216,0.929306388616328,0.9266548099037959,0.9105123670776273,0.9088289613533403,0.98990156413921,0.9324516062252692,22560,0.9053135136196312,0.015064678890778909,0.8896379628863705,0.01216539235867967,"{'classifier__alpha': np.float64(0.00021819109629156103), 'classifier__batch_size': 32, 'classifier__hidden_layer_sizes': (64, 32), 'classifier__learning_rate_init': np.float64(0.0019789258225462445), 'feature_selection_filter__k': 'all'}",59.938934564590454,"[0, 1, 2, 3, 4, 5, 6, 7, 8, 9, 10, 11, 12, 13, 14, 15, 16, 17, 18, 19, 20, 21, 22, 23, 24, 25, 26, 27, 28, 29, 30]","['Amount_log1p', 'V1', 'V2', 'V3', 'V4', 'V5', 'V6', 'V7', 'V8', 'V9', 'V10', 'V11', 'V12', 'V13', 'V14', 'V15', 'V16', 'V17', 'V18', 'V19', 'V20', 'V21', 'V22', 'V23', 'V24', 'V25', 'V26', 'V27', 'V28', 'Time_sin', 'Time_cos']"
CostSensitiveLearning_ClusterCentroids___RandomizedSearchCV__niter_30__cv_5,10,5,MLPClassifier,resubstitution,377,22096,39,48,0.9961436170212766,0.90625,0.8870588235294118,0.896551724137931,0.9982380844815902,0.0017619155184097623,0.942648454005501,0.9410079175131806,0.8946403337079574,0.8945871394075844,0.9915710811995908,0.928403438771885,22560,0.9088233206022887,0.013854387399156478,0.894076052722364,0.019861741509526357,"{'classifier__alpha': np.float64(3.5231760996805964e-05), 'classifier__batch_size': 32, 'classifier__hidden_layer_sizes': (128, 64, 32), 'classifier__learning_rate_init': np.float64(0.0007000821390119507), 'feature_selection_filter__k': 28}",63.36699080467224,"[0, 1, 2, 3, 4, 5, 6, 7, 8, 9, 10, 11, 12, 14, 15, 16, 17, 18, 19, 20, 21, 22, 23, 24, 27, 28, 29, 30]","['Amount_log1p', 'V1', 'V2', 'V3', 'V4', 'V5', 'V6', 'V7', 'V8', 'V9', 'V10', 'V11', 'V12', 'V14', 'V15', 'V16', 'V17', 'V18', 'V19', 'V20', 'V21', 'V22', 'V23', 'V24', 'V27', 'V28', 'Time_sin', 'Time_cos']"
CostSensitiveLearning_ClusterCentroids___RandomizedSearchCV__niter_30__cv_5,10,6,MLPClassifier,resubstitution,357,22123,12,68,0.9964539007092199,0.967479674796748,0.84,0.8992443324937027,0.9994578721481816,0.000542127851818397,0.9197289360740908,0.9162666711195342,0.899770011671647,0.8974486604060801,0.9758054717708181,0.8871624227640057,22560,0.9038827084719177,0.006179165271528092,0.8928018314185625,0.02792326014078492,"{'classifier__alpha': np.float64(0.00015210554980953553), 'classifier__batch_size': 32, 'classifier__hidden_layer_sizes': (128, 32), 'classifier__learning_rate_init': np.float64(0.00030803692728672416), 'feature_selection_filter__k': 'all'}",62.698575496673584,"[0, 1, 2, 3, 4, 5, 6, 7, 8, 9, 10, 11, 12, 13, 14, 15, 16, 17, 18, 19, 20, 21, 22, 23, 24, 25, 26, 27, 28, 29, 30]","['Amount_log1p', 'V1', 'V2', 'V3', 'V4', 'V5', 'V6', 'V7', 'V8', 'V9', 'V10', 'V11', 'V12', 'V13', 'V14', 'V15', 'V16', 'V17', 'V18', 'V19', 'V20', 'V21', 'V22', 'V23', 'V24', 'V25', 'V26', 'V27', 'V28', 'Time_sin', 'Time_cos']"
CostSensitiveLearning_ClusterCentroids___RandomizedSearchCV__niter_30__cv_5,10,7,MLPClassifier,resubstitution,365,22119,16,60,0.9966312056737588,0.958005249343832,0.8588235294117647,0.9057071960297767,0.9992771628642422,0.0007228371357578256,0.9290503461380034,0.9263923250284639,0.905396918869948,0.9039973661091486,0.9817363504697112,0.904438799030191,22560,0.8996065143669825,0.007173809264827619,0.8953175275278917,0.01780934139339879,"{'classifier__alpha': np.float64(0.0002496881690774513), 'classifier__batch_size': 16, 'classifier__hidden_layer_sizes': (32,), 'classifier__learning_rate_init': np.float64(0.0008547585835302145), 'feature_selection_filter__k': 22}",63.41294550895691,"[1, 2, 3, 4, 5, 6, 7, 8, 9, 10, 11, 12, 14, 16, 17, 18, 19, 20, 21, 27, 28, 29]","['V1', 'V2', 'V3', 'V4', 'V5', 'V6', 'V7', 'V8', 'V9', 'V10', 'V11', 'V12', 'V14', 'V16', 'V17', 'V18', 'V19', 'V20', 'V21', 'V27', 'V28', 'Time_sin']"
CostSensitiveLearning_ClusterCentroids___RandomizedSearchCV__niter_30__cv_5,10,8,MLPClassifier,resubstitution,333,22128,7,93,0.9955675723593812,0.9794117647058823,0.7816901408450704,0.8694516971279374,0.9996837587531059,0.00031624124689411115,0.8906869497990881,0.8839926120620266,0.8729355991527201,0.8672261127353351,0.9342482271083014,0.8558569264529822,22561,0.9048387369893129,0.012263152299208931,0.901003229814749,0.012280749230908642,"{'classifier__alpha': np.float64(0.005468739400352432), 'classifier__batch_size': 128, 'classifier__hidden_layer_sizes': (128, 64), 'classifier__learning_rate_init': np.float64(0.0005115333971491293), 'feature_selection_filter__k': 26}",61.96295356750488,"[0, 1, 2, 3, 4, 5, 6, 7, 8, 9, 10, 11, 12, 14, 16, 17, 18, 19, 20, 21, 22, 23, 24, 27, 28, 29]","['Amount_log1p', 'V1', 'V2', 'V3', 'V4', 'V5', 'V6', 'V7', 'V8', 'V9', 'V10', 'V11', 'V12', 'V14', 'V16', 'V17', 'V18', 'V19', 'V20', 'V21', 'V22', 'V23', 'V24', 'V27', 'V28', 'Time_sin']"
CostSensitiveLearning_ClusterCentroids___RandomizedSearchCV__niter_30__cv_5,10,9,MLPClassifier,resubstitution,353,22124,11,73,0.9962767607818802,0.9697802197802198,0.8286384976525821,0.8936708860759494,0.9995030494691665,0.0004969505308335398,0.9140707735608743,0.9100696156400919,0.8946461621115821,0.8917879694595954,0.9714460242366783,0.8838866718620458,22561,0.9000253887106184,0.0072245469030975075,0.8918938827065495,0.021442834479054238,"{'classifier__alpha': np.float64(0.00036403565934048165), 'classifier__batch_size': 32, 'classifier__hidden_layer_sizes': (64, 32), 'classifier__learning_rate_init': np.float64(0.0002684619646896451), 'feature_selection_filter__k': 'all'}",63.296817779541016,"[0, 1, 2, 3, 4, 5, 6, 7, 8, 9, 10, 11, 12, 13, 14, 15, 16, 17, 18, 19, 20, 21, 22, 23, 24, 25, 26, 27, 28, 29, 30]","['Amount_log1p', 'V1', 'V2', 'V3', 'V4', 'V5', 'V6', 'V7', 'V8', 'V9', 'V10', 'V11', 'V12', 'V13', 'V14', 'V15', 'V16', 'V17', 'V18', 'V19', 'V20', 'V21', 'V22', 'V23', 'V24', 'V25', 'V26', 'V27', 'V28', 'Time_sin', 'Time_cos']"
CostSensitiveLearning_ClusterCentroids___RandomizedSearchCV__niter_30__cv_5,10,10,MLPClassifier,resubstitution,352,22119,16,74,0.9960108151234431,0.9565217391304348,0.8262910798122066,0.8866498740554156,0.9992771628642422,0.0007228371357578256,0.9127841213382244,0.9086769535620307,0.8870857958086239,0.8846305813817784,0.9546519384358254,0.8712793594705351,22561,0.901695366579775,0.008481821245518249,0.8935927658260203,0.013446162282679978,"{'classifier__alpha': np.float64(7.274527024382518e-05), 'classifier__batch_size': 128, 'classifier__hidden_layer_sizes': (128, 64), 'classifier__learning_rate_init': np.float64(0.001031023914046362), 'feature_selection_filter__k': 26}",63.53090167045593,"[0, 1, 2, 3, 4, 5, 6, 7, 8, 9, 10, 11, 12, 14, 16, 17, 18, 19, 20, 21, 22, 23, 24, 27, 28, 29]","['Amount_log1p', 'V1', 'V2', 'V3', 'V4', 'V5', 'V6', 'V7', 'V8', 'V9', 'V10', 'V11', 'V12', 'V14', 'V16', 'V17', 'V18', 'V19', 'V20', 'V21', 'V22', 'V23', 'V24', 'V27', 'V28', 'Time_sin']"
