experiment_name,iteration,fold,model,split,tp,tn,fp,fn,accuracy,precision,recall,f1,specificity,fpr,balanced_accuracy,geometric_mean,mcc,kappa,roc_auc,average_precision,score_time,fold_size,selected_features_indices,selected_features_names
CostSensitiveLearning_with_RandomUnderSampler___RandomizedSearchCV__niter_30__cv_5,1,1,METADES,generalization,44,2430,30,3,0.9868368568009573,0.5945945945945946,0.9361702127659575,0.7272727272727273,0.9878048780487805,0.012195121951219523,0.961987545407369,0.9616410467810624,0.7404399307825659,0.7208720912578317,0.9771925272444213,0.6985554536895798,4.770615339279175,2507,"[0, 1, 2, 3, 4, 5, 6, 7, 8, 9, 10, 11, 12, 13, 14, 15, 16, 17, 18, 19, 20, 21, 22, 23, 24, 25, 26, 27, 28, 29, 30]","['Amount_log1p', 'V1', 'V2', 'V3', 'V4', 'V5', 'V6', 'V7', 'V8', 'V9', 'V10', 'V11', 'V12', 'V13', 'V14', 'V15', 'V16', 'V17', 'V18', 'V19', 'V20', 'V21', 'V22', 'V23', 'V24', 'V25', 'V26', 'V27', 'V28', 'Time_sin', 'Time_cos']"
CostSensitiveLearning_with_RandomUnderSampler___RandomizedSearchCV__niter_30__cv_5,1,2,METADES,generalization,39,2332,128,8,0.9457518946948544,0.23353293413173654,0.8297872340425532,0.3644859813084112,0.9479674796747968,0.052032520325203224,0.888877356858675,0.8869111076774492,0.42305123786008964,0.3453302611367127,0.9328057429510466,0.34792532920979974,7.992913484573364,2507,"[1, 2, 3, 4, 5, 6, 7, 8, 9, 10, 11, 12, 14, 16, 17, 18, 19, 20, 21, 27]","['V1', 'V2', 'V3', 'V4', 'V5', 'V6', 'V7', 'V8', 'V9', 'V10', 'V11', 'V12', 'V14', 'V16', 'V17', 'V18', 'V19', 'V20', 'V21', 'V27']"
CostSensitiveLearning_with_RandomUnderSampler___RandomizedSearchCV__niter_30__cv_5,1,3,METADES,generalization,39,2367,93,8,0.9597128041483846,0.29545454545454547,0.8297872340425532,0.43575418994413406,0.9621951219512195,0.03780487804878052,0.8959911779968863,0.8935419569629283,0.48096471487721215,0.41970917507935235,0.9499697284206885,0.3455429557564958,11.837855100631714,2507,"[1, 2, 3, 4, 5, 6, 7, 8, 9, 10, 11, 12, 14, 16, 17, 18, 19, 20, 21, 27, 28, 29]","['V1', 'V2', 'V3', 'V4', 'V5', 'V6', 'V7', 'V8', 'V9', 'V10', 'V11', 'V12', 'V14', 'V16', 'V17', 'V18', 'V19', 'V20', 'V21', 'V27', 'V28', 'Time_sin']"
CostSensitiveLearning_with_RandomUnderSampler___RandomizedSearchCV__niter_30__cv_5,1,4,METADES,generalization,34,2385,75,13,0.9648982848025528,0.3119266055045872,0.723404255319149,0.4358974358974359,0.9695121951219512,0.030487804878048808,0.8464582252205501,0.8374659679861794,0.46084991970053935,0.42072123640526615,0.9140589863345443,0.40951401646412966,10.791503429412842,2507,"[0, 1, 2, 3, 4, 5, 6, 7, 8, 9, 10, 11, 12, 13, 14, 15, 16, 17, 18, 19, 20, 21, 22, 23, 24, 25, 26, 27, 28, 29, 30]","['Amount_log1p', 'V1', 'V2', 'V3', 'V4', 'V5', 'V6', 'V7', 'V8', 'V9', 'V10', 'V11', 'V12', 'V13', 'V14', 'V15', 'V16', 'V17', 'V18', 'V19', 'V20', 'V21', 'V22', 'V23', 'V24', 'V25', 'V26', 'V27', 'V28', 'Time_sin', 'Time_cos']"
CostSensitiveLearning_with_RandomUnderSampler___RandomizedSearchCV__niter_30__cv_5,1,5,METADES,generalization,42,2324,135,6,0.9437574790586358,0.23728813559322035,0.875,0.37333333333333335,0.94509963399756,0.05490036600243997,0.9100498169987801,0.9093746091396356,0.43873462206771047,0.35386952254045556,0.9518054425918394,0.5258754380972601,14.724997520446777,2507,"[0, 1, 2, 3, 4, 5, 6, 7, 8, 9, 10, 11, 12, 13, 14, 16, 17, 18, 19, 20, 21, 23, 24, 27, 28, 29]","['Amount_log1p', 'V1', 'V2', 'V3', 'V4', 'V5', 'V6', 'V7', 'V8', 'V9', 'V10', 'V11', 'V12', 'V13', 'V14', 'V16', 'V17', 'V18', 'V19', 'V20', 'V21', 'V23', 'V24', 'V27', 'V28', 'Time_sin']"
CostSensitiveLearning_with_RandomUnderSampler___RandomizedSearchCV__niter_30__cv_5,1,6,METADES,generalization,34,2394,65,14,0.9684882329477463,0.3434343434343434,0.7083333333333334,0.46258503401360546,0.9735664904432696,0.026433509556730406,0.8409499118883015,0.8304273582904864,0.4798158859474599,0.44835874939071096,0.9512462721973701,0.41987511607626216,1.8614864349365234,2507,"[0, 1, 2, 3, 4, 5, 6, 7, 8, 9, 10, 11, 12, 13, 14, 16, 17, 18, 19, 20, 21, 23, 24, 25, 27, 28, 29, 30]","['Amount_log1p', 'V1', 'V2', 'V3', 'V4', 'V5', 'V6', 'V7', 'V8', 'V9', 'V10', 'V11', 'V12', 'V13', 'V14', 'V16', 'V17', 'V18', 'V19', 'V20', 'V21', 'V23', 'V24', 'V25', 'V27', 'V28', 'Time_sin', 'Time_cos']"
CostSensitiveLearning_with_RandomUnderSampler___RandomizedSearchCV__niter_30__cv_5,1,7,METADES,generalization,39,2409,50,9,0.9764658954926206,0.43820224719101125,0.8125,0.5693430656934306,0.9796665311102074,0.020333468889792594,0.8960832655551036,0.892176583713697,0.5866691089705511,0.5583565979427616,0.9771290836383353,0.6741821585056151,14.127826690673828,2507,"[0, 1, 2, 3, 4, 5, 6, 7, 8, 9, 10, 11, 12, 13, 14, 15, 16, 17, 18, 19, 20, 21, 22, 23, 24, 25, 26, 27, 28, 29, 30]","['Amount_log1p', 'V1', 'V2', 'V3', 'V4', 'V5', 'V6', 'V7', 'V8', 'V9', 'V10', 'V11', 'V12', 'V13', 'V14', 'V15', 'V16', 'V17', 'V18', 'V19', 'V20', 'V21', 'V22', 'V23', 'V24', 'V25', 'V26', 'V27', 'V28', 'Time_sin', 'Time_cos']"
CostSensitiveLearning_with_RandomUnderSampler___RandomizedSearchCV__niter_30__cv_5,1,8,METADES,generalization,35,2390,69,12,0.9676775738228253,0.33653846153846156,0.7446808510638298,0.46357615894039733,0.9719398129320862,0.0280601870679138,0.8583103319979579,0.850755527209248,0.48743235005600083,0.4493502970458183,0.8827840412553105,0.4626718528823057,6.4733123779296875,2506,"[0, 1, 2, 3, 4, 5, 6, 7, 8, 9, 10, 11, 12, 14, 16, 17, 18, 19, 20, 21, 23, 27, 28, 29]","['Amount_log1p', 'V1', 'V2', 'V3', 'V4', 'V5', 'V6', 'V7', 'V8', 'V9', 'V10', 'V11', 'V12', 'V14', 'V16', 'V17', 'V18', 'V19', 'V20', 'V21', 'V23', 'V27', 'V28', 'Time_sin']"
CostSensitiveLearning_with_RandomUnderSampler___RandomizedSearchCV__niter_30__cv_5,1,9,METADES,generalization,42,2434,25,5,0.9880287310454908,0.6268656716417911,0.8936170212765957,0.7368421052631579,0.9898332655551036,0.010166734444896353,0.9417251434158497,0.9404955365794339,0.742962695037893,0.7309099239045622,0.9532979156031252,0.6850930095290869,9.351942539215088,2506,"[1, 2, 3, 4, 5, 6, 7, 8, 9, 10, 11, 12, 14, 16, 17, 18, 19, 20, 21, 27]","['V1', 'V2', 'V3', 'V4', 'V5', 'V6', 'V7', 'V8', 'V9', 'V10', 'V11', 'V12', 'V14', 'V16', 'V17', 'V18', 'V19', 'V20', 'V21', 'V27']"
CostSensitiveLearning_with_RandomUnderSampler___RandomizedSearchCV__niter_30__cv_5,1,10,METADES,generalization,36,2399,60,11,0.9716679968076616,0.375,0.7659574468085106,0.5034965034965035,0.9755998373322489,0.024400162667751135,0.8707786420703798,0.8644466209719416,0.5241176206309771,0.4906708193304975,0.9396225762072457,0.4235085193019834,6.526753187179565,2506,"[1, 2, 3, 4, 5, 6, 7, 8, 9, 10, 11, 12, 14, 16, 17, 18, 19, 20, 21, 23, 27, 28]","['V1', 'V2', 'V3', 'V4', 'V5', 'V6', 'V7', 'V8', 'V9', 'V10', 'V11', 'V12', 'V14', 'V16', 'V17', 'V18', 'V19', 'V20', 'V21', 'V23', 'V27', 'V28']"
CostSensitiveLearning_with_RandomUnderSampler___RandomizedSearchCV__niter_30__cv_5,2,1,METADES,generalization,36,2336,124,11,0.9461507778220981,0.225,0.7659574468085106,0.34782608695652173,0.9495934959349593,0.05040650406504066,0.8577754713717349,0.8528471197420493,0.3970457069992842,0.32836087468173814,0.889703338522747,0.3468935138446708,11.705727577209473,2507,"[1, 2, 3, 4, 5, 6, 7, 8, 9, 10, 11, 12, 14, 16, 17, 18, 19, 20, 21, 22, 23, 27, 28, 29]","['V1', 'V2', 'V3', 'V4', 'V5', 'V6', 'V7', 'V8', 'V9', 'V10', 'V11', 'V12', 'V14', 'V16', 'V17', 'V18', 'V19', 'V20', 'V21', 'V22', 'V23', 'V27', 'V28', 'Time_sin']"
CostSensitiveLearning_with_RandomUnderSampler___RandomizedSearchCV__niter_30__cv_5,2,2,METADES,generalization,36,2393,67,11,0.96888711607499,0.34951456310679613,0.7659574468085106,0.48,0.9727642276422764,0.027235772357723564,0.8693608372253936,0.8631894370018269,0.5047908569418034,0.4662579701283954,0.9356382978723405,0.45513519503385164,14.966655015945435,2507,"[0, 1, 2, 3, 4, 5, 6, 7, 8, 9, 10, 11, 12, 13, 14, 15, 16, 17, 18, 19, 20, 21, 22, 23, 24, 25, 26, 27, 28, 29, 30]","['Amount_log1p', 'V1', 'V2', 'V3', 'V4', 'V5', 'V6', 'V7', 'V8', 'V9', 'V10', 'V11', 'V12', 'V13', 'V14', 'V15', 'V16', 'V17', 'V18', 'V19', 'V20', 'V21', 'V22', 'V23', 'V24', 'V25', 'V26', 'V27', 'V28', 'Time_sin', 'Time_cos']"
CostSensitiveLearning_with_RandomUnderSampler___RandomizedSearchCV__niter_30__cv_5,2,3,METADES,generalization,33,2426,34,14,0.9808536098923015,0.4925373134328358,0.7021276595744681,0.5789473684210527,0.9861788617886179,0.013821138211382089,0.844153260681543,0.8321198568412216,0.5788500195540605,0.5694597495527729,0.9331084587441618,0.47158537897532943,3.6310524940490723,2507,"[0, 1, 2, 3, 4, 5, 6, 7, 8, 9, 10, 11, 12, 13, 14, 16, 17, 18, 19, 20, 21, 23, 24, 25, 26, 27, 28, 29]","['Amount_log1p', 'V1', 'V2', 'V3', 'V4', 'V5', 'V6', 'V7', 'V8', 'V9', 'V10', 'V11', 'V12', 'V13', 'V14', 'V16', 'V17', 'V18', 'V19', 'V20', 'V21', 'V23', 'V24', 'V25', 'V26', 'V27', 'V28', 'Time_sin']"
CostSensitiveLearning_with_RandomUnderSampler___RandomizedSearchCV__niter_30__cv_5,2,4,METADES,generalization,39,2421,39,8,0.9812524930195453,0.5,0.8297872340425532,0.624,0.9841463414634146,0.01585365853658538,0.9069667877529839,0.9036769724719252,0.6358349375951209,0.6149920109265692,0.9169174883238194,0.5694549483946483,8.567517757415771,2507,"[0, 1, 2, 3, 4, 5, 6, 7, 8, 9, 10, 11, 12, 13, 14, 16, 17, 18, 19, 20, 21, 22, 23, 24, 26, 27, 28, 29]","['Amount_log1p', 'V1', 'V2', 'V3', 'V4', 'V5', 'V6', 'V7', 'V8', 'V9', 'V10', 'V11', 'V12', 'V13', 'V14', 'V16', 'V17', 'V18', 'V19', 'V20', 'V21', 'V22', 'V23', 'V24', 'V26', 'V27', 'V28', 'Time_sin']"
CostSensitiveLearning_with_RandomUnderSampler___RandomizedSearchCV__niter_30__cv_5,2,5,METADES,generalization,39,2383,76,9,0.966094934184284,0.3391304347826087,0.8125,0.4785276073619632,0.9690931272875153,0.030906872712484712,0.8907965636437576,0.8873489538626314,0.511977773212272,0.46404812865158784,0.9401560593737291,0.5037338944493858,3.742267608642578,2507,"[0, 1, 2, 3, 4, 5, 6, 7, 8, 9, 10, 11, 12, 14, 16, 17, 18, 19, 20, 21, 22, 27, 28, 29]","['Amount_log1p', 'V1', 'V2', 'V3', 'V4', 'V5', 'V6', 'V7', 'V8', 'V9', 'V10', 'V11', 'V12', 'V14', 'V16', 'V17', 'V18', 'V19', 'V20', 'V21', 'V22', 'V27', 'V28', 'Time_sin']"
CostSensitiveLearning_with_RandomUnderSampler___RandomizedSearchCV__niter_30__cv_5,2,6,METADES,generalization,40,2387,72,8,0.9680893498205025,0.35714285714285715,0.8333333333333334,0.5,0.9707198047986987,0.029280195201301318,0.9020265690660161,0.8994071217560945,0.5333629744936377,0.48622837937535857,0.9786286769689576,0.57610525302444,5.974829912185669,2507,"[1, 2, 3, 4, 5, 6, 7, 8, 9, 10, 11, 12, 14, 16, 17, 18, 19, 20, 21, 27]","['V1', 'V2', 'V3', 'V4', 'V5', 'V6', 'V7', 'V8', 'V9', 'V10', 'V11', 'V12', 'V14', 'V16', 'V17', 'V18', 'V19', 'V20', 'V21', 'V27']"
CostSensitiveLearning_with_RandomUnderSampler___RandomizedSearchCV__niter_30__cv_5,2,7,METADES,generalization,39,2433,26,9,0.9860390905464699,0.6,0.8125,0.6902654867256637,0.9894265961773079,0.010573403822692118,0.9009632980886539,0.8966097865816894,0.6915203932500255,0.6832893582769959,0.9228344855632371,0.7160462856221167,11.427371978759766,2507,"[1, 2, 3, 4, 5, 6, 7, 8, 9, 10, 11, 12, 14, 16, 17, 18, 19, 20, 21, 27, 28, 29]","['V1', 'V2', 'V3', 'V4', 'V5', 'V6', 'V7', 'V8', 'V9', 'V10', 'V11', 'V12', 'V14', 'V16', 'V17', 'V18', 'V19', 'V20', 'V21', 'V27', 'V28', 'Time_sin']"
CostSensitiveLearning_with_RandomUnderSampler___RandomizedSearchCV__niter_30__cv_5,2,8,METADES,generalization,35,2359,100,12,0.9553072625698324,0.25925925925925924,0.7446808510638298,0.38461538461538464,0.9593330622204148,0.04066693777958519,0.8520069566421222,0.8452200667447316,0.42303546149831417,0.3670033062548208,0.8946812836908273,0.3421327309857214,5.613306045532227,2506,"[0, 1, 2, 3, 4, 5, 6, 7, 8, 9, 10, 11, 12, 14, 16, 17, 18, 19, 20, 21, 27, 29]","['Amount_log1p', 'V1', 'V2', 'V3', 'V4', 'V5', 'V6', 'V7', 'V8', 'V9', 'V10', 'V11', 'V12', 'V14', 'V16', 'V17', 'V18', 'V19', 'V20', 'V21', 'V27', 'Time_sin']"
CostSensitiveLearning_with_RandomUnderSampler___RandomizedSearchCV__niter_30__cv_5,2,9,METADES,generalization,40,2364,95,7,0.9592976855546688,0.2962962962962963,0.851063829787234,0.43956043956043955,0.9613664091093941,0.03863359089060592,0.9062151194483141,0.904535338151828,0.48818183073046406,0.4235208681963546,0.9736530158428007,0.5047687948968606,10.696638345718384,2506,"[1, 2, 3, 4, 5, 6, 7, 8, 9, 10, 11, 12, 14, 16, 17, 18, 19, 20, 21, 23, 24, 27, 28, 29]","['V1', 'V2', 'V3', 'V4', 'V5', 'V6', 'V7', 'V8', 'V9', 'V10', 'V11', 'V12', 'V14', 'V16', 'V17', 'V18', 'V19', 'V20', 'V21', 'V23', 'V24', 'V27', 'V28', 'Time_sin']"
CostSensitiveLearning_with_RandomUnderSampler___RandomizedSearchCV__niter_30__cv_5,2,10,METADES,generalization,43,2378,81,4,0.9660814046288907,0.3467741935483871,0.9148936170212766,0.5029239766081871,0.967059780398536,0.03294021960146398,0.9409766987099063,0.9406151287134489,0.5516861862355031,0.48902535562645433,0.9620153496058768,0.4737395639191468,8.775612354278564,2506,"[0, 1, 2, 3, 4, 5, 6, 7, 8, 9, 10, 11, 12, 13, 14, 15, 16, 17, 18, 19, 20, 21, 22, 23, 24, 25, 26, 27, 28, 29, 30]","['Amount_log1p', 'V1', 'V2', 'V3', 'V4', 'V5', 'V6', 'V7', 'V8', 'V9', 'V10', 'V11', 'V12', 'V13', 'V14', 'V15', 'V16', 'V17', 'V18', 'V19', 'V20', 'V21', 'V22', 'V23', 'V24', 'V25', 'V26', 'V27', 'V28', 'Time_sin', 'Time_cos']"
CostSensitiveLearning_with_RandomUnderSampler___RandomizedSearchCV__niter_30__cv_5,3,1,METADES,generalization,37,2399,61,10,0.9716792979656961,0.37755102040816324,0.7872340425531915,0.5103448275862069,0.9752032520325203,0.02479674796747966,0.8812186472928559,0.8761924437066209,0.5335672638785766,0.49761362449654667,0.9192916450441101,0.5767976466935606,12.965924978256226,2507,"[0, 1, 2, 3, 4, 5, 6, 7, 8, 9, 10, 11, 12, 14, 16, 17, 18, 19, 20, 21, 22, 23, 24, 25, 27, 28, 29, 30]","['Amount_log1p', 'V1', 'V2', 'V3', 'V4', 'V5', 'V6', 'V7', 'V8', 'V9', 'V10', 'V11', 'V12', 'V14', 'V16', 'V17', 'V18', 'V19', 'V20', 'V21', 'V22', 'V23', 'V24', 'V25', 'V27', 'V28', 'Time_sin', 'Time_cos']"
CostSensitiveLearning_with_RandomUnderSampler___RandomizedSearchCV__niter_30__cv_5,3,2,METADES,generalization,37,2410,50,10,0.976067012365377,0.42528735632183906,0.7872340425531915,0.5522388059701493,0.9796747967479674,0.020325203252032575,0.8834544196505795,0.8781989242941366,0.5683199697492068,0.5410666341225288,0.8954722366372599,0.5255463885948957,17.194658756256104,2507,"[0, 1, 2, 3, 4, 5, 6, 7, 8, 9, 10, 11, 12, 13, 14, 15, 16, 17, 18, 19, 20, 21, 22, 23, 24, 25, 26, 27, 28, 29, 30]","['Amount_log1p', 'V1', 'V2', 'V3', 'V4', 'V5', 'V6', 'V7', 'V8', 'V9', 'V10', 'V11', 'V12', 'V13', 'V14', 'V15', 'V16', 'V17', 'V18', 'V19', 'V20', 'V21', 'V22', 'V23', 'V24', 'V25', 'V26', 'V27', 'V28', 'Time_sin', 'Time_cos']"
CostSensitiveLearning_with_RandomUnderSampler___RandomizedSearchCV__niter_30__cv_5,3,3,METADES,generalization,35,2411,49,12,0.9756681292381332,0.4166666666666667,0.7446808510638298,0.5343511450381679,0.9800813008130081,0.01991869918699185,0.862381075938419,0.8543112882323259,0.5462552679133873,0.5228799361040306,0.9228550423802111,0.49928972797152427,9.132743835449219,2507,"[0, 1, 2, 3, 4, 5, 6, 7, 8, 9, 10, 11, 12, 13, 14, 15, 16, 17, 18, 19, 20, 21, 22, 23, 24, 25, 26, 27, 28, 29, 30]","['Amount_log1p', 'V1', 'V2', 'V3', 'V4', 'V5', 'V6', 'V7', 'V8', 'V9', 'V10', 'V11', 'V12', 'V13', 'V14', 'V15', 'V16', 'V17', 'V18', 'V19', 'V20', 'V21', 'V22', 'V23', 'V24', 'V25', 'V26', 'V27', 'V28', 'Time_sin', 'Time_cos']"
CostSensitiveLearning_with_RandomUnderSampler___RandomizedSearchCV__niter_30__cv_5,3,4,METADES,generalization,37,2365,95,10,0.9581172716394096,0.2803030303030303,0.7872340425531915,0.4134078212290503,0.9613821138211383,0.03861788617886175,0.8743080781871648,0.8699613370154717,0.45462875969156696,0.39672736023100985,0.9551202214149801,0.4910413237912731,13.084754467010498,2507,"[1, 2, 3, 4, 5, 6, 7, 8, 9, 10, 11, 12, 14, 16, 17, 18, 19, 20, 21, 27]","['V1', 'V2', 'V3', 'V4', 'V5', 'V6', 'V7', 'V8', 'V9', 'V10', 'V11', 'V12', 'V14', 'V16', 'V17', 'V18', 'V19', 'V20', 'V21', 'V27']"
CostSensitiveLearning_with_RandomUnderSampler___RandomizedSearchCV__niter_30__cv_5,3,5,METADES,generalization,37,2417,42,11,0.9788591942560829,0.46835443037974683,0.7708333333333334,0.5826771653543307,0.9829198861325742,0.017080113867425806,0.8768766097329538,0.8704409297747853,0.5912772594586521,0.5724940074966618,0.9154042971397587,0.5506714580249432,17.681156635284424,2507,"[1, 2, 3, 4, 5, 6, 7, 8, 9, 10, 11, 12, 14, 16, 17, 18, 19, 20, 21, 27]","['V1', 'V2', 'V3', 'V4', 'V5', 'V6', 'V7', 'V8', 'V9', 'V10', 'V11', 'V12', 'V14', 'V16', 'V17', 'V18', 'V19', 'V20', 'V21', 'V27']"
CostSensitiveLearning_with_RandomUnderSampler___RandomizedSearchCV__niter_30__cv_5,3,6,METADES,generalization,42,2443,16,6,0.9912245712006382,0.7241379310344828,0.875,0.7924528301886793,0.9934932899552664,0.006506710044733577,0.9342466449776332,0.9323661451977212,0.7916951075235577,0.7880111002636697,0.9742866341331164,0.8406415503642759,14.998640060424805,2507,"[0, 1, 2, 3, 4, 5, 6, 7, 8, 9, 10, 11, 12, 14, 16, 17, 18, 19, 20, 21, 22, 24, 25, 27, 28, 29]","['Amount_log1p', 'V1', 'V2', 'V3', 'V4', 'V5', 'V6', 'V7', 'V8', 'V9', 'V10', 'V11', 'V12', 'V14', 'V16', 'V17', 'V18', 'V19', 'V20', 'V21', 'V22', 'V24', 'V25', 'V27', 'V28', 'Time_sin']"
CostSensitiveLearning_with_RandomUnderSampler___RandomizedSearchCV__niter_30__cv_5,3,7,METADES,generalization,43,2408,51,5,0.9776625448743518,0.4574468085106383,0.8958333333333334,0.6056338028169014,0.9792598617324115,0.02074013826758847,0.9375465975328725,0.9366181858875501,0.6312648417188901,0.5953771219413782,0.9532457299715331,0.7970903470099099,12.015781164169312,2507,"[0, 1, 2, 3, 4, 5, 6, 7, 8, 9, 10, 11, 12, 13, 14, 15, 16, 17, 18, 19, 20, 21, 22, 23, 24, 25, 26, 27, 28, 29, 30]","['Amount_log1p', 'V1', 'V2', 'V3', 'V4', 'V5', 'V6', 'V7', 'V8', 'V9', 'V10', 'V11', 'V12', 'V13', 'V14', 'V15', 'V16', 'V17', 'V18', 'V19', 'V20', 'V21', 'V22', 'V23', 'V24', 'V25', 'V26', 'V27', 'V28', 'Time_sin', 'Time_cos']"
CostSensitiveLearning_with_RandomUnderSampler___RandomizedSearchCV__niter_30__cv_5,3,8,METADES,generalization,36,2352,107,11,0.9529130087789306,0.2517482517482518,0.7659574468085106,0.37894736842105264,0.9564863765758438,0.04351362342415621,0.8612219116921772,0.8559368334808106,0.4225055285774952,0.36090495312277127,0.908425843406332,0.4096422790973358,8.032078266143799,2506,"[1, 2, 3, 4, 5, 6, 7, 8, 9, 10, 11, 12, 14, 16, 17, 18, 19, 20, 21, 27]","['V1', 'V2', 'V3', 'V4', 'V5', 'V6', 'V7', 'V8', 'V9', 'V10', 'V11', 'V12', 'V14', 'V16', 'V17', 'V18', 'V19', 'V20', 'V21', 'V27']"
CostSensitiveLearning_with_RandomUnderSampler___RandomizedSearchCV__niter_30__cv_5,3,9,METADES,generalization,38,2412,47,9,0.9776536312849162,0.4470588235294118,0.8085106382978723,0.5757575757575758,0.9808865392435949,0.019113460756405076,0.8946985887707336,0.8905375915376228,0.5915846613045601,0.5652567208381608,0.9533152206830315,0.5809325833877854,4.607369422912598,2506,"[0, 1, 2, 3, 4, 5, 6, 7, 8, 9, 10, 11, 12, 14, 16, 17, 18, 19, 20, 21, 24, 27, 28, 29]","['Amount_log1p', 'V1', 'V2', 'V3', 'V4', 'V5', 'V6', 'V7', 'V8', 'V9', 'V10', 'V11', 'V12', 'V14', 'V16', 'V17', 'V18', 'V19', 'V20', 'V21', 'V24', 'V27', 'V28', 'Time_sin']"
CostSensitiveLearning_with_RandomUnderSampler___RandomizedSearchCV__niter_30__cv_5,3,10,METADES,generalization,41,2377,82,6,0.9648842777334398,0.3333333333333333,0.8723404255319149,0.4823529411764706,0.9666531110207401,0.03334688897925986,0.9194967682763275,0.9182867668705577,0.5268321034034773,0.4679123095705717,0.9447016171597171,0.43751733332752946,11.623753786087036,2506,"[0, 1, 2, 3, 4, 5, 6, 7, 8, 9, 10, 11, 12, 14, 16, 17, 18, 19, 20, 21, 22, 24, 25, 26, 27, 28, 29, 30]","['Amount_log1p', 'V1', 'V2', 'V3', 'V4', 'V5', 'V6', 'V7', 'V8', 'V9', 'V10', 'V11', 'V12', 'V14', 'V16', 'V17', 'V18', 'V19', 'V20', 'V21', 'V22', 'V24', 'V25', 'V26', 'V27', 'V28', 'Time_sin', 'Time_cos']"
CostSensitiveLearning_with_RandomUnderSampler___RandomizedSearchCV__niter_30__cv_5,4,1,METADES,generalization,39,2450,10,8,0.992820103709613,0.7959183673469388,0.8297872340425532,0.8125,0.9959349593495935,0.004065040650406471,0.9128610966960733,0.9090732177360533,0.8090241032837211,0.8088415951471198,0.9445597647465837,0.7512130859346089,8.160532474517822,2507,"[0, 1, 2, 3, 4, 5, 6, 7, 8, 9, 10, 11, 12, 13, 14, 15, 16, 17, 18, 19, 20, 21, 22, 23, 24, 25, 26, 27, 28, 29, 30]","['Amount_log1p', 'V1', 'V2', 'V3', 'V4', 'V5', 'V6', 'V7', 'V8', 'V9', 'V10', 'V11', 'V12', 'V13', 'V14', 'V15', 'V16', 'V17', 'V18', 'V19', 'V20', 'V21', 'V22', 'V23', 'V24', 'V25', 'V26', 'V27', 'V28', 'Time_sin', 'Time_cos']"
CostSensitiveLearning_with_RandomUnderSampler___RandomizedSearchCV__niter_30__cv_5,4,2,METADES,generalization,37,2413,47,10,0.9772636617471081,0.44047619047619047,0.7872340425531915,0.5648854961832062,0.9808943089430894,0.019105691056910623,0.8840641757481404,0.878745351138023,0.5789404942737311,0.5541664976709795,0.9436645909012282,0.6969927389782572,6.811698913574219,2507,"[1, 2, 3, 4, 5, 6, 7, 8, 9, 10, 11, 12, 14, 16, 17, 18, 19, 20, 21, 27, 28, 29]","['V1', 'V2', 'V3', 'V4', 'V5', 'V6', 'V7', 'V8', 'V9', 'V10', 'V11', 'V12', 'V14', 'V16', 'V17', 'V18', 'V19', 'V20', 'V21', 'V27', 'V28', 'Time_sin']"
CostSensitiveLearning_with_RandomUnderSampler___RandomizedSearchCV__niter_30__cv_5,4,3,METADES,generalization,42,2399,61,5,0.9736737136019147,0.4077669902912621,0.8936170212765957,0.56,0.9752032520325203,0.02479674796747966,0.9344101366545581,0.9335192687998197,0.5936911633440068,0.5483721285701808,0.9588955198062619,0.49461720584032737,13.815921306610107,2507,"[0, 1, 2, 3, 4, 5, 6, 7, 8, 9, 10, 11, 12, 14, 16, 17, 18, 19, 20, 21, 23, 24, 25, 26, 27, 28, 29, 30]","['Amount_log1p', 'V1', 'V2', 'V3', 'V4', 'V5', 'V6', 'V7', 'V8', 'V9', 'V10', 'V11', 'V12', 'V14', 'V16', 'V17', 'V18', 'V19', 'V20', 'V21', 'V23', 'V24', 'V25', 'V26', 'V27', 'V28', 'Time_sin', 'Time_cos']"
CostSensitiveLearning_with_RandomUnderSampler___RandomizedSearchCV__niter_30__cv_5,4,4,METADES,generalization,41,2415,45,6,0.9796569605105704,0.47674418604651164,0.8723404255319149,0.6165413533834586,0.9817073170731707,0.018292682926829285,0.9270238713025428,0.9254096275290226,0.6364320048354414,0.6070134348864442,0.9436040477426052,0.4692589019503968,4.4961018562316895,2507,"[1, 2, 3, 4, 5, 6, 7, 8, 9, 10, 11, 12, 14, 16, 17, 18, 19, 20, 21, 27, 28, 29]","['V1', 'V2', 'V3', 'V4', 'V5', 'V6', 'V7', 'V8', 'V9', 'V10', 'V11', 'V12', 'V14', 'V16', 'V17', 'V18', 'V19', 'V20', 'V21', 'V27', 'V28', 'Time_sin']"
CostSensitiveLearning_with_RandomUnderSampler___RandomizedSearchCV__niter_30__cv_5,4,5,METADES,generalization,39,2400,59,9,0.9728759473474272,0.3979591836734694,0.8125,0.5342465753424658,0.9760065067100447,0.02399349328995526,0.8942532533550224,0.8905084428021508,0.5575370420681358,0.5219593173571424,0.9112528805747593,0.5446573489542245,9.551725387573242,2507,"[0, 1, 2, 3, 4, 5, 6, 7, 8, 9, 10, 11, 12, 14, 16, 17, 18, 19, 20, 21, 22, 23, 24, 27, 28, 29]","['Amount_log1p', 'V1', 'V2', 'V3', 'V4', 'V5', 'V6', 'V7', 'V8', 'V9', 'V10', 'V11', 'V12', 'V14', 'V16', 'V17', 'V18', 'V19', 'V20', 'V21', 'V22', 'V23', 'V24', 'V27', 'V28', 'Time_sin']"
CostSensitiveLearning_with_RandomUnderSampler___RandomizedSearchCV__niter_30__cv_5,4,6,METADES,generalization,35,2417,42,13,0.9780614280015956,0.45454545454545453,0.7291666666666666,0.56,0.9829198861325742,0.017080113867425806,0.8560432763996204,0.8465886940962941,0.5655671394982453,0.54937038985826,0.9652509488952149,0.4027418271035008,16.05632257461548,2507,"[0, 1, 2, 3, 4, 5, 6, 7, 8, 9, 10, 11, 12, 14, 16, 17, 18, 19, 20, 21, 22, 24, 25, 27, 28, 29]","['Amount_log1p', 'V1', 'V2', 'V3', 'V4', 'V5', 'V6', 'V7', 'V8', 'V9', 'V10', 'V11', 'V12', 'V14', 'V16', 'V17', 'V18', 'V19', 'V20', 'V21', 'V22', 'V24', 'V25', 'V27', 'V28', 'Time_sin']"
CostSensitiveLearning_with_RandomUnderSampler___RandomizedSearchCV__niter_30__cv_5,4,7,METADES,generalization,42,2412,47,6,0.9788591942560829,0.47191011235955055,0.875,0.6131386861313869,0.9808865392435949,0.019113460756405076,0.9279432696217975,0.9264317146115766,0.633859388952236,0.6032694862875655,0.9555756066151553,0.6503955821802708,16.772178411483765,2507,"[0, 1, 2, 3, 4, 5, 6, 7, 8, 9, 10, 11, 12, 14, 16, 17, 18, 19, 20, 21, 23, 24, 25, 27, 28, 29]","['Amount_log1p', 'V1', 'V2', 'V3', 'V4', 'V5', 'V6', 'V7', 'V8', 'V9', 'V10', 'V11', 'V12', 'V14', 'V16', 'V17', 'V18', 'V19', 'V20', 'V21', 'V23', 'V24', 'V25', 'V27', 'V28', 'Time_sin']"
CostSensitiveLearning_with_RandomUnderSampler___RandomizedSearchCV__niter_30__cv_5,4,8,METADES,generalization,32,2313,146,15,0.9357541899441341,0.1797752808988764,0.6808510638297872,0.28444444444444444,0.9406262708418056,0.05937372915819439,0.8107386673357964,0.8002664538570193,0.328210143266596,0.2625612756297545,0.8784318136588996,0.4523878294909035,15.995790243148804,2506,"[1, 2, 3, 4, 5, 6, 7, 8, 9, 10, 11, 12, 14, 16, 17, 18, 19, 20, 21, 27, 28, 29]","['V1', 'V2', 'V3', 'V4', 'V5', 'V6', 'V7', 'V8', 'V9', 'V10', 'V11', 'V12', 'V14', 'V16', 'V17', 'V18', 'V19', 'V20', 'V21', 'V27', 'V28', 'Time_sin']"
CostSensitiveLearning_with_RandomUnderSampler___RandomizedSearchCV__niter_30__cv_5,4,9,METADES,generalization,38,2422,37,9,0.9816440542697525,0.5066666666666667,0.8085106382978723,0.6229508196721312,0.9849532330215535,0.015046766978446535,0.8967319356597129,0.8923817384526698,0.6317310729967582,0.6140510643426789,0.9590345495920327,0.515356114749599,4.088829755783081,2506,"[0, 1, 2, 3, 4, 5, 6, 7, 8, 9, 10, 11, 12, 14, 16, 17, 18, 19, 20, 21, 23, 24, 25, 27, 28, 29]","['Amount_log1p', 'V1', 'V2', 'V3', 'V4', 'V5', 'V6', 'V7', 'V8', 'V9', 'V10', 'V11', 'V12', 'V14', 'V16', 'V17', 'V18', 'V19', 'V20', 'V21', 'V23', 'V24', 'V25', 'V27', 'V28', 'Time_sin']"
CostSensitiveLearning_with_RandomUnderSampler___RandomizedSearchCV__niter_30__cv_5,4,10,METADES,generalization,41,2424,35,6,0.9836392657621708,0.5394736842105263,0.8723404255319149,0.6666666666666666,0.9857665717771452,0.014233428222854783,0.92905349865453,0.9273208887430563,0.6788279314935013,0.6587577301440746,0.9260251096709439,0.5789447059626013,4.108659505844116,2506,"[0, 1, 2, 3, 4, 5, 6, 7, 8, 9, 10, 11, 12, 13, 14, 16, 17, 18, 19, 20, 21, 23, 24, 25, 27, 28, 29, 30]","['Amount_log1p', 'V1', 'V2', 'V3', 'V4', 'V5', 'V6', 'V7', 'V8', 'V9', 'V10', 'V11', 'V12', 'V13', 'V14', 'V16', 'V17', 'V18', 'V19', 'V20', 'V21', 'V23', 'V24', 'V25', 'V27', 'V28', 'Time_sin', 'Time_cos']"
CostSensitiveLearning_with_RandomUnderSampler___RandomizedSearchCV__niter_30__cv_5,5,1,METADES,generalization,28,2312,148,19,0.9333865177502991,0.1590909090909091,0.5957446808510638,0.25112107623318386,0.9398373983739837,0.06016260162601628,0.7677910396125238,0.7482667511965255,0.28432500063029076,0.22828409063679111,0.8252291991005016,0.2337331131589573,11.716111660003662,2507,"[0, 1, 2, 3, 4, 5, 6, 7, 8, 9, 10, 11, 12, 14, 16, 17, 18, 19, 20, 21, 22, 24, 26, 27, 28, 29]","['Amount_log1p', 'V1', 'V2', 'V3', 'V4', 'V5', 'V6', 'V7', 'V8', 'V9', 'V10', 'V11', 'V12', 'V14', 'V16', 'V17', 'V18', 'V19', 'V20', 'V21', 'V22', 'V24', 'V26', 'V27', 'V28', 'Time_sin']"
CostSensitiveLearning_with_RandomUnderSampler___RandomizedSearchCV__niter_30__cv_5,5,2,METADES,generalization,41,2392,68,6,0.9704826485839649,0.3761467889908257,0.8723404255319149,0.5256410256410257,0.9723577235772358,0.027642276422764178,0.9223490745545754,0.9209923725822109,0.5617979973492289,0.5128792215226102,0.9587268638643833,0.4657011632579177,5.240302324295044,2507,"[0, 1, 2, 3, 4, 5, 6, 7, 8, 9, 10, 11, 12, 14, 16, 17, 18, 19, 20, 21, 24, 26, 27, 28, 29, 30]","['Amount_log1p', 'V1', 'V2', 'V3', 'V4', 'V5', 'V6', 'V7', 'V8', 'V9', 'V10', 'V11', 'V12', 'V14', 'V16', 'V17', 'V18', 'V19', 'V20', 'V21', 'V24', 'V26', 'V27', 'V28', 'Time_sin', 'Time_cos']"
CostSensitiveLearning_with_RandomUnderSampler___RandomizedSearchCV__niter_30__cv_5,5,3,METADES,generalization,42,2410,50,5,0.9780614280015956,0.45652173913043476,0.8936170212765957,0.60431654676259,0.9796747967479674,0.020325203252032575,0.9366459090122816,0.9356570278096953,0.62997511215817,0.5942470389170897,0.9737588652482271,0.649986513579197,3.921125888824463,2507,"[0, 1, 2, 3, 4, 5, 6, 7, 8, 9, 10, 11, 12, 14, 16, 17, 18, 19, 20, 21, 24, 27, 28, 29]","['Amount_log1p', 'V1', 'V2', 'V3', 'V4', 'V5', 'V6', 'V7', 'V8', 'V9', 'V10', 'V11', 'V12', 'V14', 'V16', 'V17', 'V18', 'V19', 'V20', 'V21', 'V24', 'V27', 'V28', 'Time_sin']"
CostSensitiveLearning_with_RandomUnderSampler___RandomizedSearchCV__niter_30__cv_5,5,4,METADES,generalization,39,2444,16,8,0.9904268049461508,0.7090909090909091,0.8297872340425532,0.7647058823529411,0.9934959349593496,0.006504065040650375,0.9116415845009513,0.9079593845004517,0.7622968791041881,0.7598505651701897,0.9372945857118145,0.6893374311555401,17.960768222808838,2507,"[0, 1, 2, 3, 4, 5, 6, 7, 8, 9, 10, 11, 12, 13, 14, 15, 16, 17, 18, 19, 20, 21, 22, 23, 24, 25, 26, 27, 28, 29, 30]","['Amount_log1p', 'V1', 'V2', 'V3', 'V4', 'V5', 'V6', 'V7', 'V8', 'V9', 'V10', 'V11', 'V12', 'V13', 'V14', 'V15', 'V16', 'V17', 'V18', 'V19', 'V20', 'V21', 'V22', 'V23', 'V24', 'V25', 'V26', 'V27', 'V28', 'Time_sin', 'Time_cos']"
CostSensitiveLearning_with_RandomUnderSampler___RandomizedSearchCV__niter_30__cv_5,5,5,METADES,generalization,37,2299,160,11,0.9317909852413243,0.18781725888324874,0.7708333333333334,0.3020408163265306,0.9349328995526637,0.06506710044733632,0.8528831164429985,0.8489272309245229,0.3594360689856168,0.2798675632409042,0.9072709095838416,0.23447697763516848,12.805666208267212,2507,"[0, 1, 2, 3, 4, 5, 6, 7, 8, 9, 10, 11, 12, 14, 16, 17, 18, 19, 20, 21, 23, 27, 28, 29]","['Amount_log1p', 'V1', 'V2', 'V3', 'V4', 'V5', 'V6', 'V7', 'V8', 'V9', 'V10', 'V11', 'V12', 'V14', 'V16', 'V17', 'V18', 'V19', 'V20', 'V21', 'V23', 'V27', 'V28', 'Time_sin']"
CostSensitiveLearning_with_RandomUnderSampler___RandomizedSearchCV__niter_30__cv_5,5,6,METADES,generalization,39,2414,45,9,0.9784603111288392,0.4642857142857143,0.8125,0.5909090909090909,0.9816998779991867,0.018300122000813324,0.8970999389995933,0.8931019823482306,0.6048021814868193,0.5806913213157405,0.9511361325742171,0.5432832639601185,4.1382224559783936,2507,"[1, 2, 3, 4, 5, 6, 7, 8, 9, 10, 11, 12, 14, 16, 17, 18, 19, 20, 21, 23, 27, 29]","['V1', 'V2', 'V3', 'V4', 'V5', 'V6', 'V7', 'V8', 'V9', 'V10', 'V11', 'V12', 'V14', 'V16', 'V17', 'V18', 'V19', 'V20', 'V21', 'V23', 'V27', 'Time_sin']"
CostSensitiveLearning_with_RandomUnderSampler___RandomizedSearchCV__niter_30__cv_5,5,7,METADES,generalization,38,2450,9,10,0.9924212205823694,0.8085106382978723,0.7916666666666666,0.8,0.9963399755998373,0.0036600244001626647,0.894003321133252,0.888126763108663,0.7961836938095697,0.7961378625568685,0.9406771045140301,0.8101963879122082,15.488920450210571,2507,"[1, 2, 3, 4, 5, 6, 7, 8, 9, 10, 11, 12, 13, 14, 16, 17, 18, 19, 20, 21, 22, 23, 24, 27, 28, 29]","['V1', 'V2', 'V3', 'V4', 'V5', 'V6', 'V7', 'V8', 'V9', 'V10', 'V11', 'V12', 'V13', 'V14', 'V16', 'V17', 'V18', 'V19', 'V20', 'V21', 'V22', 'V23', 'V24', 'V27', 'V28', 'Time_sin']"
CostSensitiveLearning_with_RandomUnderSampler___RandomizedSearchCV__niter_30__cv_5,5,8,METADES,generalization,39,2418,41,8,0.9804469273743017,0.4875,0.8297872340425532,0.6141732283464567,0.9833265555103701,0.01667344448962993,0.9065568947764616,0.9033005162500136,0.6274644538672227,0.6048361663373474,0.9144826213735042,0.619330511919609,7.664236783981323,2506,"[0, 1, 2, 3, 4, 5, 6, 7, 8, 9, 10, 11, 12, 14, 16, 17, 18, 19, 20, 21, 23, 24, 27, 28, 29, 30]","['Amount_log1p', 'V1', 'V2', 'V3', 'V4', 'V5', 'V6', 'V7', 'V8', 'V9', 'V10', 'V11', 'V12', 'V14', 'V16', 'V17', 'V18', 'V19', 'V20', 'V21', 'V23', 'V24', 'V27', 'V28', 'Time_sin', 'Time_cos']"
CostSensitiveLearning_with_RandomUnderSampler___RandomizedSearchCV__niter_30__cv_5,5,9,METADES,generalization,39,2440,19,8,0.9892258579409418,0.6724137931034483,0.8297872340425532,0.7428571428571429,0.9922732818218788,0.007726718178121206,0.911030257932216,0.9074005190307661,0.7416726753487103,0.7374164655112194,0.9479333408322013,0.6701336278181487,10.326419830322266,2506,"[0, 1, 2, 3, 4, 5, 6, 7, 8, 9, 10, 11, 12, 13, 14, 15, 16, 17, 18, 19, 20, 21, 22, 23, 24, 25, 26, 27, 28, 29, 30]","['Amount_log1p', 'V1', 'V2', 'V3', 'V4', 'V5', 'V6', 'V7', 'V8', 'V9', 'V10', 'V11', 'V12', 'V13', 'V14', 'V15', 'V16', 'V17', 'V18', 'V19', 'V20', 'V21', 'V22', 'V23', 'V24', 'V25', 'V26', 'V27', 'V28', 'Time_sin', 'Time_cos']"
CostSensitiveLearning_with_RandomUnderSampler___RandomizedSearchCV__niter_30__cv_5,5,10,METADES,generalization,38,2372,87,9,0.9616919393455706,0.304,0.8085106382978723,0.4418604651162791,0.9646197641317609,0.03538023586823913,0.8865652012148166,0.8831224950214511,0.4817771973276796,0.42621910790351125,0.9396398812871518,0.44447290478676293,9.273643732070923,2506,"[1, 2, 3, 4, 5, 6, 7, 8, 9, 10, 11, 12, 14, 16, 17, 18, 19, 20, 21, 27]","['V1', 'V2', 'V3', 'V4', 'V5', 'V6', 'V7', 'V8', 'V9', 'V10', 'V11', 'V12', 'V14', 'V16', 'V17', 'V18', 'V19', 'V20', 'V21', 'V27']"
CostSensitiveLearning_with_RandomUnderSampler___RandomizedSearchCV__niter_30__cv_5,6,1,METADES,generalization,41,2352,108,6,0.9545273234942162,0.2751677852348993,0.8723404255319149,0.41836734693877553,0.9560975609756097,0.04390243902439028,0.9142189932537623,0.9132593022748191,0.4752383204806222,0.40130214552356047,0.9481577581733265,0.478459611474998,10.999903440475464,2507,"[1, 2, 3, 4, 5, 6, 7, 8, 9, 10, 11, 12, 14, 16, 17, 18, 19, 20, 21, 27]","['V1', 'V2', 'V3', 'V4', 'V5', 'V6', 'V7', 'V8', 'V9', 'V10', 'V11', 'V12', 'V14', 'V16', 'V17', 'V18', 'V19', 'V20', 'V21', 'V27']"
CostSensitiveLearning_with_RandomUnderSampler___RandomizedSearchCV__niter_30__cv_5,6,2,METADES,generalization,43,2360,100,4,0.9585161547666534,0.3006993006993007,0.9148936170212766,0.45263157894736844,0.959349593495935,0.04065040650406504,0.9371216052586058,0.9368579505887684,0.5112778707436259,0.4367363163443425,0.9671899325376233,0.4384105990241577,12.151910781860352,2507,"[0, 1, 2, 3, 4, 5, 6, 7, 8, 9, 10, 11, 12, 14, 16, 17, 18, 19, 20, 21, 23, 24, 27, 28, 29, 30]","['Amount_log1p', 'V1', 'V2', 'V3', 'V4', 'V5', 'V6', 'V7', 'V8', 'V9', 'V10', 'V11', 'V12', 'V14', 'V16', 'V17', 'V18', 'V19', 'V20', 'V21', 'V23', 'V24', 'V27', 'V28', 'Time_sin', 'Time_cos']"
CostSensitiveLearning_with_RandomUnderSampler___RandomizedSearchCV__niter_30__cv_5,6,3,METADES,generalization,37,2394,66,10,0.9696848823294775,0.3592233009708738,0.7872340425531915,0.49333333333333335,0.973170731707317,0.02682926829268295,0.8802023871302542,0.8752788865363991,0.5196075746755039,0.4799436632020263,0.9071051721155509,0.624133175268796,15.108583450317383,2507,"[0, 1, 2, 3, 4, 5, 6, 7, 8, 9, 10, 11, 12, 13, 14, 15, 16, 17, 18, 19, 20, 21, 22, 23, 24, 25, 26, 27, 28, 29, 30]","['Amount_log1p', 'V1', 'V2', 'V3', 'V4', 'V5', 'V6', 'V7', 'V8', 'V9', 'V10', 'V11', 'V12', 'V13', 'V14', 'V15', 'V16', 'V17', 'V18', 'V19', 'V20', 'V21', 'V22', 'V23', 'V24', 'V25', 'V26', 'V27', 'V28', 'Time_sin', 'Time_cos']"
CostSensitiveLearning_with_RandomUnderSampler___RandomizedSearchCV__niter_30__cv_5,6,4,METADES,generalization,33,2416,44,14,0.9768647786198644,0.42857142857142855,0.7021276595744681,0.532258064516129,0.9821138211382113,0.01788617886178867,0.8421207403563398,0.8304030820460085,0.5378700743573839,0.5211079274116523,0.9210473966441792,0.562523221982368,2.870512008666992,2507,"[1, 2, 3, 4, 5, 6, 7, 8, 9, 10, 11, 12, 14, 16, 17, 18, 19, 20, 21, 27]","['V1', 'V2', 'V3', 'V4', 'V5', 'V6', 'V7', 'V8', 'V9', 'V10', 'V11', 'V12', 'V14', 'V16', 'V17', 'V18', 'V19', 'V20', 'V21', 'V27']"
CostSensitiveLearning_with_RandomUnderSampler___RandomizedSearchCV__niter_30__cv_5,6,5,METADES,generalization,35,2240,219,13,0.9074591144794575,0.1377952755905512,0.7291666666666666,0.23178807947019867,0.9109394062627084,0.08906059373729158,0.8200530364646875,0.8150010125146419,0.2907062550139913,0.20622330189838012,0.9028102548461434,0.4080435202396057,7.629356145858765,2507,"[1, 2, 3, 4, 5, 6, 7, 8, 9, 10, 11, 12, 14, 16, 17, 18, 19, 20, 21, 27, 28, 29]","['V1', 'V2', 'V3', 'V4', 'V5', 'V6', 'V7', 'V8', 'V9', 'V10', 'V11', 'V12', 'V14', 'V16', 'V17', 'V18', 'V19', 'V20', 'V21', 'V27', 'V28', 'Time_sin']"
CostSensitiveLearning_with_RandomUnderSampler___RandomizedSearchCV__niter_30__cv_5,6,6,METADES,generalization,40,2435,24,8,0.987235739928201,0.625,0.8333333333333334,0.7142857142857143,0.9902399349328995,0.009760065067100476,0.9117866341331164,0.908405166089128,0.7155671654940194,0.7078939702883775,0.9550715060322625,0.5672467723810254,6.273218154907227,2507,"[0, 1, 2, 3, 4, 5, 6, 7, 8, 9, 10, 11, 12, 14, 16, 17, 18, 19, 20, 21, 23, 27, 28, 29]","['Amount_log1p', 'V1', 'V2', 'V3', 'V4', 'V5', 'V6', 'V7', 'V8', 'V9', 'V10', 'V11', 'V12', 'V14', 'V16', 'V17', 'V18', 'V19', 'V20', 'V21', 'V23', 'V27', 'V28', 'Time_sin']"
CostSensitiveLearning_with_RandomUnderSampler___RandomizedSearchCV__niter_30__cv_5,6,7,METADES,generalization,40,2433,26,8,0.9864379736737136,0.6060606060606061,0.8333333333333334,0.7017543859649122,0.9894265961773079,0.010573403822692118,0.9113799647553207,0.9080320277837616,0.7042342742953042,0.6949925213445836,0.9154636030906873,0.8401976612536115,4.388020038604736,2507,"[0, 1, 2, 3, 4, 5, 6, 7, 8, 9, 10, 11, 12, 13, 14, 15, 16, 17, 18, 19, 20, 21, 22, 23, 24, 27, 28, 29]","['Amount_log1p', 'V1', 'V2', 'V3', 'V4', 'V5', 'V6', 'V7', 'V8', 'V9', 'V10', 'V11', 'V12', 'V13', 'V14', 'V15', 'V16', 'V17', 'V18', 'V19', 'V20', 'V21', 'V22', 'V23', 'V24', 'V27', 'V28', 'Time_sin']"
CostSensitiveLearning_with_RandomUnderSampler___RandomizedSearchCV__niter_30__cv_5,6,8,METADES,generalization,42,2322,137,5,0.9433359936153233,0.2346368715083799,0.8936170212765957,0.37168141592920356,0.9442862952419683,0.055713704758031724,0.918951658259282,0.9186023657635766,0.44136449667386,0.352442996742671,0.915179150839729,0.5018833612158927,9.420477151870728,2506,"[1, 2, 3, 4, 5, 6, 7, 8, 9, 10, 11, 12, 14, 16, 17, 18, 19, 20, 21, 27]","['V1', 'V2', 'V3', 'V4', 'V5', 'V6', 'V7', 'V8', 'V9', 'V10', 'V11', 'V12', 'V14', 'V16', 'V17', 'V18', 'V19', 'V20', 'V21', 'V27']"
CostSensitiveLearning_with_RandomUnderSampler___RandomizedSearchCV__niter_30__cv_5,6,9,METADES,generalization,37,2423,36,10,0.9816440542697525,0.5068493150684932,0.7872340425531915,0.6166666666666667,0.9853599023993493,0.014640097600650659,0.8862969724762704,0.8807433561121298,0.6232280747999058,0.6077152910589467,0.8929551019701834,0.5559224255918646,15.584011316299438,2506,"[0, 1, 2, 3, 4, 5, 6, 7, 8, 9, 10, 11, 12, 13, 14, 15, 16, 17, 18, 19, 20, 21, 22, 23, 24, 25, 26, 27, 28, 29, 30]","['Amount_log1p', 'V1', 'V2', 'V3', 'V4', 'V5', 'V6', 'V7', 'V8', 'V9', 'V10', 'V11', 'V12', 'V13', 'V14', 'V15', 'V16', 'V17', 'V18', 'V19', 'V20', 'V21', 'V22', 'V23', 'V24', 'V25', 'V26', 'V27', 'V28', 'Time_sin', 'Time_cos']"
CostSensitiveLearning_with_RandomUnderSampler___RandomizedSearchCV__niter_30__cv_5,6,10,METADES,generalization,40,2394,65,7,0.9712689545091779,0.38095238095238093,0.851063829787234,0.5263157894736842,0.9735664904432696,0.026433509556730406,0.9123151601152518,0.9102566813317909,0.558337455189519,0.5137154284420632,0.9050902892544106,0.49734072892613834,15.890680313110352,2506,"[0, 1, 2, 3, 4, 5, 6, 7, 8, 9, 10, 11, 12, 14, 15, 16, 17, 18, 19, 20, 21, 22, 23, 24, 26, 27, 28, 29]","['Amount_log1p', 'V1', 'V2', 'V3', 'V4', 'V5', 'V6', 'V7', 'V8', 'V9', 'V10', 'V11', 'V12', 'V14', 'V15', 'V16', 'V17', 'V18', 'V19', 'V20', 'V21', 'V22', 'V23', 'V24', 'V26', 'V27', 'V28', 'Time_sin']"
CostSensitiveLearning_with_RandomUnderSampler___RandomizedSearchCV__niter_30__cv_5,7,1,METADES,generalization,42,2408,52,5,0.9772636617471081,0.44680851063829785,0.8936170212765957,0.5957446808510638,0.9788617886178862,0.021138211382113803,0.9362394049472409,0.9352687077980296,0.6229149910402774,0.585380573391634,0.9704246670126275,0.5980154362876332,3.4524929523468018,2507,"[0, 1, 2, 3, 4, 5, 6, 7, 8, 9, 10, 11, 12, 13, 14, 16, 17, 18, 19, 20, 21, 22, 23, 24, 27, 28, 29, 30]","['Amount_log1p', 'V1', 'V2', 'V3', 'V4', 'V5', 'V6', 'V7', 'V8', 'V9', 'V10', 'V11', 'V12', 'V13', 'V14', 'V16', 'V17', 'V18', 'V19', 'V20', 'V21', 'V22', 'V23', 'V24', 'V27', 'V28', 'Time_sin', 'Time_cos']"
CostSensitiveLearning_with_RandomUnderSampler___RandomizedSearchCV__niter_30__cv_5,7,2,METADES,generalization,42,2402,58,5,0.9748703629836458,0.42,0.8936170212765957,0.5714285714285714,0.9764227642276423,0.023577235772357708,0.9350198927521189,0.9341027791821227,0.6030003303072887,0.5602109548379551,0.9557040304445598,0.6934747128525753,8.190829753875732,2507,"[0, 1, 2, 3, 4, 5, 6, 7, 8, 9, 10, 11, 12, 14, 16, 17, 18, 19, 20, 21, 24, 27, 28, 29]","['Amount_log1p', 'V1', 'V2', 'V3', 'V4', 'V5', 'V6', 'V7', 'V8', 'V9', 'V10', 'V11', 'V12', 'V14', 'V16', 'V17', 'V18', 'V19', 'V20', 'V21', 'V24', 'V27', 'V28', 'Time_sin']"
CostSensitiveLearning_with_RandomUnderSampler___RandomizedSearchCV__niter_30__cv_5,7,3,METADES,generalization,28,2389,71,19,0.9641005185480654,0.2828282828282828,0.5957446808510638,0.3835616438356164,0.9711382113821139,0.02886178861788613,0.7834414461165888,0.7606250218091108,0.3947880466640485,0.36748001211047443,0.838034077149282,0.3767715290178242,5.146335601806641,2507,"[1, 2, 3, 4, 5, 6, 7, 8, 9, 10, 11, 12, 14, 16, 17, 18, 19, 20, 21, 22, 23, 24, 25, 26, 27, 28, 29, 30]","['V1', 'V2', 'V3', 'V4', 'V5', 'V6', 'V7', 'V8', 'V9', 'V10', 'V11', 'V12', 'V14', 'V16', 'V17', 'V18', 'V19', 'V20', 'V21', 'V22', 'V23', 'V24', 'V25', 'V26', 'V27', 'V28', 'Time_sin', 'Time_cos']"
CostSensitiveLearning_with_RandomUnderSampler___RandomizedSearchCV__niter_30__cv_5,7,4,METADES,generalization,39,2393,67,8,0.9700837654567211,0.36792452830188677,0.8297872340425532,0.5098039215686274,0.9727642276422764,0.027235772357723564,0.9012757308424149,0.8984360510525081,0.5409291179350517,0.4967305216444018,0.9596609583117108,0.5400408060086096,4.657762050628662,2507,"[0, 1, 2, 3, 4, 5, 6, 7, 8, 9, 10, 11, 12, 13, 14, 15, 16, 17, 18, 19, 20, 21, 22, 23, 24, 25, 26, 27, 28, 29, 30]","['Amount_log1p', 'V1', 'V2', 'V3', 'V4', 'V5', 'V6', 'V7', 'V8', 'V9', 'V10', 'V11', 'V12', 'V13', 'V14', 'V15', 'V16', 'V17', 'V18', 'V19', 'V20', 'V21', 'V22', 'V23', 'V24', 'V25', 'V26', 'V27', 'V28', 'Time_sin', 'Time_cos']"
CostSensitiveLearning_with_RandomUnderSampler___RandomizedSearchCV__niter_30__cv_5,7,5,METADES,generalization,40,2445,14,8,0.9912245712006382,0.7407407407407407,0.8333333333333334,0.7843137254901961,0.9943066287108581,0.005693371289141935,0.9138199810220957,0.9102685632597933,0.7812601652778199,0.7798507164810602,0.9373729158194388,0.7852950327729965,13.724675416946411,2507,"[0, 1, 2, 3, 4, 5, 6, 7, 8, 9, 10, 11, 12, 14, 16, 17, 18, 19, 20, 21, 22, 23, 24, 27, 28, 29]","['Amount_log1p', 'V1', 'V2', 'V3', 'V4', 'V5', 'V6', 'V7', 'V8', 'V9', 'V10', 'V11', 'V12', 'V14', 'V16', 'V17', 'V18', 'V19', 'V20', 'V21', 'V22', 'V23', 'V24', 'V27', 'V28', 'Time_sin']"
CostSensitiveLearning_with_RandomUnderSampler___RandomizedSearchCV__niter_30__cv_5,7,6,METADES,generalization,40,2353,106,8,0.9545273234942162,0.273972602739726,0.8333333333333334,0.41237113402061853,0.9568930459536397,0.043106954046360335,0.8951131896434865,0.8929786512722647,0.46240975224744585,0.394934179048232,0.9296970313135421,0.46351553859004757,15.3818998336792,2507,"[0, 1, 2, 3, 4, 5, 6, 7, 8, 9, 10, 11, 12, 14, 16, 17, 18, 19, 20, 21, 22, 23, 24, 27, 28, 29]","['Amount_log1p', 'V1', 'V2', 'V3', 'V4', 'V5', 'V6', 'V7', 'V8', 'V9', 'V10', 'V11', 'V12', 'V14', 'V16', 'V17', 'V18', 'V19', 'V20', 'V21', 'V22', 'V23', 'V24', 'V27', 'V28', 'Time_sin']"
CostSensitiveLearning_with_RandomUnderSampler___RandomizedSearchCV__niter_30__cv_5,7,7,METADES,generalization,43,2344,115,5,0.9521340247307539,0.2721518987341772,0.8958333333333334,0.4174757281553398,0.953233021553477,0.046766978446523,0.9245331774434051,0.9240876122650149,0.47881909675103157,0.3998491842784584,0.9462476277619628,0.5967860270758901,17.279552459716797,2507,"[0, 1, 2, 3, 4, 5, 6, 7, 8, 9, 10, 11, 12, 13, 14, 16, 17, 18, 19, 20, 21, 22, 23, 24, 26, 27, 28, 29]","['Amount_log1p', 'V1', 'V2', 'V3', 'V4', 'V5', 'V6', 'V7', 'V8', 'V9', 'V10', 'V11', 'V12', 'V13', 'V14', 'V16', 'V17', 'V18', 'V19', 'V20', 'V21', 'V22', 'V23', 'V24', 'V26', 'V27', 'V28', 'Time_sin']"
CostSensitiveLearning_with_RandomUnderSampler___RandomizedSearchCV__niter_30__cv_5,7,8,METADES,generalization,32,2396,63,15,0.9688747007182761,0.3368421052631579,0.6808510638297872,0.4507042253521127,0.9743798291988613,0.025620170801138653,0.8276154465143243,0.8144983384171702,0.4654383357220983,0.4365649915542975,0.9010582056362645,0.49213599349509485,3.7617430686950684,2506,"[0, 1, 2, 3, 4, 5, 6, 7, 8, 9, 10, 11, 12, 14, 16, 17, 18, 19, 20, 21, 22, 24, 27, 29]","['Amount_log1p', 'V1', 'V2', 'V3', 'V4', 'V5', 'V6', 'V7', 'V8', 'V9', 'V10', 'V11', 'V12', 'V14', 'V16', 'V17', 'V18', 'V19', 'V20', 'V21', 'V22', 'V24', 'V27', 'Time_sin']"
CostSensitiveLearning_with_RandomUnderSampler___RandomizedSearchCV__niter_30__cv_5,7,9,METADES,generalization,39,2426,33,8,0.9836392657621708,0.5416666666666666,0.8297872340425532,0.6554621848739496,0.9865799105327369,0.013420089467263141,0.908183572287645,0.9047935759734975,0.6629597712743026,0.6474612792764354,0.9481323492511227,0.6127978020396927,7.038605213165283,2506,"[1, 2, 3, 4, 5, 6, 7, 8, 9, 10, 11, 12, 14, 16, 17, 18, 19, 20, 21, 24, 25, 27, 28, 29]","['V1', 'V2', 'V3', 'V4', 'V5', 'V6', 'V7', 'V8', 'V9', 'V10', 'V11', 'V12', 'V14', 'V16', 'V17', 'V18', 'V19', 'V20', 'V21', 'V24', 'V25', 'V27', 'V28', 'Time_sin']"
CostSensitiveLearning_with_RandomUnderSampler___RandomizedSearchCV__niter_30__cv_5,7,10,METADES,generalization,35,2404,55,12,0.9732641660015962,0.3888888888888889,0.7446808510638298,0.5109489051094891,0.9776331842212281,0.022366815778771865,0.8611570176425289,0.8532436414378404,0.5266044531882712,0.4985934504362992,0.959657532468656,0.5033047194397304,5.8867576122283936,2506,"[0, 1, 2, 3, 4, 5, 6, 7, 8, 9, 10, 11, 12, 14, 16, 17, 18, 19, 20, 21, 22, 23, 24, 26, 27, 28, 29, 30]","['Amount_log1p', 'V1', 'V2', 'V3', 'V4', 'V5', 'V6', 'V7', 'V8', 'V9', 'V10', 'V11', 'V12', 'V14', 'V16', 'V17', 'V18', 'V19', 'V20', 'V21', 'V22', 'V23', 'V24', 'V26', 'V27', 'V28', 'Time_sin', 'Time_cos']"
CostSensitiveLearning_with_RandomUnderSampler___RandomizedSearchCV__niter_30__cv_5,8,1,METADES,generalization,40,2429,31,7,0.9848424411647387,0.5633802816901409,0.851063829787234,0.6779661016949152,0.9873983739837399,0.012601626016260137,0.919231101885487,0.9167000827360545,0.6855389838647109,0.6705331451969898,0.9201651963328144,0.7153937530758929,11.52875304222107,2507,"[0, 1, 2, 3, 4, 5, 6, 7, 8, 9, 10, 11, 12, 13, 14, 15, 16, 17, 18, 19, 20, 21, 22, 23, 24, 25, 26, 27, 28, 29, 30]","['Amount_log1p', 'V1', 'V2', 'V3', 'V4', 'V5', 'V6', 'V7', 'V8', 'V9', 'V10', 'V11', 'V12', 'V13', 'V14', 'V15', 'V16', 'V17', 'V18', 'V19', 'V20', 'V21', 'V22', 'V23', 'V24', 'V25', 'V26', 'V27', 'V28', 'Time_sin', 'Time_cos']"
CostSensitiveLearning_with_RandomUnderSampler___RandomizedSearchCV__niter_30__cv_5,8,2,METADES,generalization,37,2440,20,10,0.9880335061826885,0.6491228070175439,0.7872340425531915,0.7115384615384616,0.991869918699187,0.008130081300813052,0.8895519806261892,0.8836479874839678,0.7089105261725591,0.7054861573403297,0.9118102404428301,0.6787409265155122,9.615597009658813,2507,"[0, 1, 2, 3, 4, 5, 6, 7, 8, 9, 10, 11, 12, 14, 16, 17, 18, 19, 20, 21, 23, 24, 25, 27, 28, 29]","['Amount_log1p', 'V1', 'V2', 'V3', 'V4', 'V5', 'V6', 'V7', 'V8', 'V9', 'V10', 'V11', 'V12', 'V14', 'V16', 'V17', 'V18', 'V19', 'V20', 'V21', 'V23', 'V24', 'V25', 'V27', 'V28', 'Time_sin']"
CostSensitiveLearning_with_RandomUnderSampler___RandomizedSearchCV__niter_30__cv_5,8,3,METADES,generalization,42,2419,41,5,0.981651376146789,0.5060240963855421,0.8936170212765957,0.6461538461538462,0.9833333333333333,0.01666666666666672,0.9384751773049644,0.9374024771971317,0.6647925388953968,0.6374753228463289,0.9496064694689501,0.5301207233693076,11.43368411064148,2507,"[0, 1, 2, 3, 4, 5, 6, 7, 8, 9, 10, 11, 12, 13, 14, 16, 17, 18, 19, 20, 21, 22, 24, 27, 28, 29]","['Amount_log1p', 'V1', 'V2', 'V3', 'V4', 'V5', 'V6', 'V7', 'V8', 'V9', 'V10', 'V11', 'V12', 'V13', 'V14', 'V16', 'V17', 'V18', 'V19', 'V20', 'V21', 'V22', 'V24', 'V27', 'V28', 'Time_sin']"
CostSensitiveLearning_with_RandomUnderSampler___RandomizedSearchCV__niter_30__cv_5,8,4,METADES,generalization,35,2398,62,12,0.9704826485839649,0.36082474226804123,0.7446808510638298,0.4861111111111111,0.9747967479674797,0.025203252032520274,0.8597387995156547,0.8520049717523228,0.5059870138294921,0.4727954758589332,0.938821138211382,0.45394442826096365,4.740582704544067,2507,"[0, 1, 2, 3, 4, 5, 6, 7, 8, 9, 10, 11, 12, 14, 16, 17, 18, 19, 20, 21, 22, 24, 27, 29]","['Amount_log1p', 'V1', 'V2', 'V3', 'V4', 'V5', 'V6', 'V7', 'V8', 'V9', 'V10', 'V11', 'V12', 'V14', 'V16', 'V17', 'V18', 'V19', 'V20', 'V21', 'V22', 'V24', 'V27', 'Time_sin']"
CostSensitiveLearning_with_RandomUnderSampler___RandomizedSearchCV__niter_30__cv_5,8,5,METADES,generalization,37,2408,51,11,0.9752692461108895,0.42045454545454547,0.7708333333333334,0.5441176470588235,0.9792598617324115,0.02074013826758847,0.8750465975328725,0.868818820824419,0.5585420032407266,0.5325349469480067,0.8645790971939813,0.6220222178980314,6.23179030418396,2507,"[0, 1, 2, 3, 4, 5, 6, 7, 8, 9, 10, 11, 12, 13, 14, 15, 16, 17, 18, 19, 20, 21, 22, 23, 24, 25, 26, 27, 28, 29, 30]","['Amount_log1p', 'V1', 'V2', 'V3', 'V4', 'V5', 'V6', 'V7', 'V8', 'V9', 'V10', 'V11', 'V12', 'V13', 'V14', 'V15', 'V16', 'V17', 'V18', 'V19', 'V20', 'V21', 'V22', 'V23', 'V24', 'V25', 'V26', 'V27', 'V28', 'Time_sin', 'Time_cos']"
CostSensitiveLearning_with_RandomUnderSampler___RandomizedSearchCV__niter_30__cv_5,8,6,METADES,generalization,40,2416,43,8,0.9796569605105704,0.4819277108433735,0.8333333333333334,0.6106870229007634,0.9825132167547783,0.017486783245221682,0.9079232750440558,0.9048541396061109,0.6248891881060589,0.6010067124565843,0.9724820387691474,0.6715473755623576,5.749086618423462,2507,"[0, 1, 2, 3, 4, 5, 6, 7, 8, 9, 10, 11, 12, 14, 16, 17, 18, 19, 20, 21, 24, 25, 26, 27, 28, 29]","['Amount_log1p', 'V1', 'V2', 'V3', 'V4', 'V5', 'V6', 'V7', 'V8', 'V9', 'V10', 'V11', 'V12', 'V14', 'V16', 'V17', 'V18', 'V19', 'V20', 'V21', 'V24', 'V25', 'V26', 'V27', 'V28', 'Time_sin']"
CostSensitiveLearning_with_RandomUnderSampler___RandomizedSearchCV__niter_30__cv_5,8,7,METADES,generalization,38,2300,159,10,0.9325887514958118,0.19289340101522842,0.7916666666666666,0.31020408163265306,0.9353395689304596,0.06466043106954045,0.863503117798563,0.8605098248925539,0.370253281150208,0.2882901648404258,0.9385675071167141,0.4148298106070164,13.027263164520264,2507,"[1, 2, 3, 4, 5, 6, 7, 8, 9, 10, 11, 12, 14, 16, 17, 18, 19, 20, 21, 22, 23, 27, 28, 29]","['V1', 'V2', 'V3', 'V4', 'V5', 'V6', 'V7', 'V8', 'V9', 'V10', 'V11', 'V12', 'V14', 'V16', 'V17', 'V18', 'V19', 'V20', 'V21', 'V22', 'V23', 'V27', 'V28', 'Time_sin']"
CostSensitiveLearning_with_RandomUnderSampler___RandomizedSearchCV__niter_30__cv_5,8,8,METADES,generalization,35,2424,35,12,0.981245011971269,0.5,0.7446808510638298,0.5982905982905983,0.9857665717771452,0.014233428222854783,0.8652237114204875,0.856785556379937,0.6013530146709029,0.5890685292824696,0.9133188547498117,0.49538453970710056,5.154259443283081,2506,"[0, 1, 2, 3, 4, 5, 6, 7, 8, 9, 10, 11, 12, 14, 16, 17, 18, 19, 20, 21, 22, 23, 24, 25, 27, 28, 29, 30]","['Amount_log1p', 'V1', 'V2', 'V3', 'V4', 'V5', 'V6', 'V7', 'V8', 'V9', 'V10', 'V11', 'V12', 'V14', 'V16', 'V17', 'V18', 'V19', 'V20', 'V21', 'V22', 'V23', 'V24', 'V25', 'V27', 'V28', 'Time_sin', 'Time_cos']"
CostSensitiveLearning_with_RandomUnderSampler___RandomizedSearchCV__niter_30__cv_5,8,9,METADES,generalization,42,2417,42,5,0.981245011971269,0.5,0.8936170212765957,0.6412213740458015,0.9829198861325742,0.017080113867425806,0.9382684537045849,0.9372053888019005,0.6606503784277316,0.6323792877430632,0.962244641914634,0.6897748995146735,2.635885715484619,2506,"[1, 2, 3, 4, 5, 6, 7, 8, 9, 10, 11, 12, 14, 16, 17, 18, 19, 20, 21, 27]","['V1', 'V2', 'V3', 'V4', 'V5', 'V6', 'V7', 'V8', 'V9', 'V10', 'V11', 'V12', 'V14', 'V16', 'V17', 'V18', 'V19', 'V20', 'V21', 'V27']"
CostSensitiveLearning_with_RandomUnderSampler___RandomizedSearchCV__niter_30__cv_5,8,10,METADES,generalization,40,2400,59,7,0.9736632083000798,0.40404040404040403,0.851063829787234,0.547945205479452,0.9760065067100447,0.02399349328995526,0.9135351682486395,0.9113966400519098,0.5759900692083352,0.5361471800768431,0.9375892293182665,0.5939297695048499,7.063189744949341,2506,"[0, 1, 2, 3, 4, 5, 6, 7, 8, 9, 10, 11, 12, 14, 16, 17, 18, 19, 20, 21, 23, 24, 27, 28, 29, 30]","['Amount_log1p', 'V1', 'V2', 'V3', 'V4', 'V5', 'V6', 'V7', 'V8', 'V9', 'V10', 'V11', 'V12', 'V14', 'V16', 'V17', 'V18', 'V19', 'V20', 'V21', 'V23', 'V24', 'V27', 'V28', 'Time_sin', 'Time_cos']"
CostSensitiveLearning_with_RandomUnderSampler___RandomizedSearchCV__niter_30__cv_5,9,1,METADES,generalization,40,2451,9,7,0.9936178699641005,0.8163265306122449,0.851063829787234,0.8333333333333334,0.9963414634146341,0.003658536585365857,0.9237026466009342,0.9208421046137475,0.8302687186281466,0.830081417908551,0.9544801937381077,0.8595291628444747,4.431493043899536,2507,"[1, 2, 3, 4, 5, 6, 7, 8, 9, 10, 11, 12, 14, 16, 17, 18, 19, 20, 21, 24, 25, 27, 28, 29]","['V1', 'V2', 'V3', 'V4', 'V5', 'V6', 'V7', 'V8', 'V9', 'V10', 'V11', 'V12', 'V14', 'V16', 'V17', 'V18', 'V19', 'V20', 'V21', 'V24', 'V25', 'V27', 'V28', 'Time_sin']"
CostSensitiveLearning_with_RandomUnderSampler___RandomizedSearchCV__niter_30__cv_5,9,2,METADES,generalization,38,2370,90,9,0.9605105704028719,0.296875,0.8085106382978723,0.4342857142857143,0.9634146341463414,0.03658536585365857,0.8859626362221069,0.8825706661787314,0.47565222915894273,0.4183335559758421,0.9153693132676008,0.4108669737285912,10.738036394119263,2507,"[0, 1, 2, 3, 4, 5, 6, 7, 8, 9, 10, 11, 12, 13, 14, 16, 17, 18, 19, 20, 21, 23, 24, 26, 27, 28, 29, 30]","['Amount_log1p', 'V1', 'V2', 'V3', 'V4', 'V5', 'V6', 'V7', 'V8', 'V9', 'V10', 'V11', 'V12', 'V13', 'V14', 'V16', 'V17', 'V18', 'V19', 'V20', 'V21', 'V23', 'V24', 'V26', 'V27', 'V28', 'Time_sin', 'Time_cos']"
CostSensitiveLearning_with_RandomUnderSampler___RandomizedSearchCV__niter_30__cv_5,9,3,METADES,generalization,41,2386,74,6,0.9680893498205025,0.3565217391304348,0.8723404255319149,0.5061728395061729,0.9699186991869919,0.030081300813008083,0.9211295623594534,0.9198365565578169,0.5460503619915394,0.492669304165697,0.9297483134405812,0.5080962983550478,11.12612009048462,2507,"[1, 2, 3, 4, 5, 6, 7, 8, 9, 10, 11, 12, 14, 16, 17, 18, 19, 20, 21, 27]","['V1', 'V2', 'V3', 'V4', 'V5', 'V6', 'V7', 'V8', 'V9', 'V10', 'V11', 'V12', 'V14', 'V16', 'V17', 'V18', 'V19', 'V20', 'V21', 'V27']"
CostSensitiveLearning_with_RandomUnderSampler___RandomizedSearchCV__niter_30__cv_5,9,4,METADES,generalization,41,2392,68,6,0.9704826485839649,0.3761467889908257,0.8723404255319149,0.5256410256410257,0.9723577235772358,0.027642276422764178,0.9223490745545754,0.9209923725822109,0.5617979973492289,0.5128792215226102,0.9617842933748487,0.5538432925803277,12.904123783111572,2507,"[1, 2, 3, 4, 5, 6, 7, 8, 9, 10, 11, 12, 14, 16, 17, 18, 19, 20, 21, 27, 28, 29]","['V1', 'V2', 'V3', 'V4', 'V5', 'V6', 'V7', 'V8', 'V9', 'V10', 'V11', 'V12', 'V14', 'V16', 'V17', 'V18', 'V19', 'V20', 'V21', 'V27', 'V28', 'Time_sin']"
CostSensitiveLearning_with_RandomUnderSampler___RandomizedSearchCV__niter_30__cv_5,9,5,METADES,generalization,42,2399,60,6,0.9736737136019147,0.4117647058823529,0.875,0.56,0.9755998373322489,0.024400162667751135,0.9252999186661244,0.9239317386396669,0.5900211125429629,0.5482364890323215,0.9471753422800597,0.6076293241507815,7.819581508636475,2507,"[0, 1, 2, 3, 4, 5, 6, 7, 8, 9, 10, 11, 12, 13, 14, 15, 16, 17, 18, 19, 20, 21, 22, 23, 24, 25, 26, 27, 28, 29, 30]","['Amount_log1p', 'V1', 'V2', 'V3', 'V4', 'V5', 'V6', 'V7', 'V8', 'V9', 'V10', 'V11', 'V12', 'V13', 'V14', 'V15', 'V16', 'V17', 'V18', 'V19', 'V20', 'V21', 'V22', 'V23', 'V24', 'V25', 'V26', 'V27', 'V28', 'Time_sin', 'Time_cos']"
CostSensitiveLearning_with_RandomUnderSampler___RandomizedSearchCV__niter_30__cv_5,9,6,METADES,generalization,39,2426,33,9,0.9832469086557638,0.5416666666666666,0.8125,0.65,0.9865799105327369,0.013420089467263141,0.8995399552663684,0.8953190366053034,0.6556534705389888,0.6417694129174492,0.9356784600786228,0.6792747432268033,6.034987449645996,2507,"[0, 1, 2, 3, 4, 5, 6, 7, 8, 9, 10, 11, 12, 14, 16, 17, 18, 19, 20, 21, 22, 23, 24, 27, 28, 29]","['Amount_log1p', 'V1', 'V2', 'V3', 'V4', 'V5', 'V6', 'V7', 'V8', 'V9', 'V10', 'V11', 'V12', 'V14', 'V16', 'V17', 'V18', 'V19', 'V20', 'V21', 'V22', 'V23', 'V24', 'V27', 'V28', 'Time_sin']"
CostSensitiveLearning_with_RandomUnderSampler___RandomizedSearchCV__niter_30__cv_5,9,7,METADES,generalization,40,2323,136,8,0.9425608296769047,0.22727272727272727,0.8333333333333334,0.35714285714285715,0.9446929646197642,0.05530703538023585,0.8890131489765487,0.887267793387733,0.4173175885353264,0.3372011045179485,0.9551096312864308,0.32380937797595555,10.32587218284607,2507,"[1, 2, 3, 4, 5, 6, 7, 8, 9, 10, 11, 12, 14, 16, 17, 18, 19, 20, 21, 27, 28, 29]","['V1', 'V2', 'V3', 'V4', 'V5', 'V6', 'V7', 'V8', 'V9', 'V10', 'V11', 'V12', 'V14', 'V16', 'V17', 'V18', 'V19', 'V20', 'V21', 'V27', 'V28', 'Time_sin']"
CostSensitiveLearning_with_RandomUnderSampler___RandomizedSearchCV__niter_30__cv_5,9,8,METADES,generalization,37,2451,8,10,0.9928172386272945,0.8222222222222222,0.7872340425531915,0.8043478260869565,0.9967466449776332,0.0032533550223667884,0.8919903437654124,0.8858176396567597,0.8008874606858206,0.8006910508037222,0.9074308013117252,0.7389739549519827,13.274000644683838,2506,"[0, 1, 2, 3, 4, 5, 6, 7, 8, 9, 10, 11, 12, 14, 16, 17, 18, 19, 20, 21, 22, 24, 27, 28, 29, 30]","['Amount_log1p', 'V1', 'V2', 'V3', 'V4', 'V5', 'V6', 'V7', 'V8', 'V9', 'V10', 'V11', 'V12', 'V14', 'V16', 'V17', 'V18', 'V19', 'V20', 'V21', 'V22', 'V24', 'V27', 'V28', 'Time_sin', 'Time_cos']"
CostSensitiveLearning_with_RandomUnderSampler___RandomizedSearchCV__niter_30__cv_5,9,9,METADES,generalization,37,2377,82,10,0.9632881085395052,0.31092436974789917,0.7872340425531915,0.4457831325301205,0.9666531110207401,0.03334688897925986,0.8769435767869658,0.872342957978957,0.4808779305947013,0.4304686149057583,0.963373798378514,0.31647889488330183,13.432606220245361,2506,"[1, 2, 3, 4, 5, 6, 7, 8, 9, 10, 11, 12, 14, 16, 17, 18, 19, 20, 21, 27, 28, 29]","['V1', 'V2', 'V3', 'V4', 'V5', 'V6', 'V7', 'V8', 'V9', 'V10', 'V11', 'V12', 'V14', 'V16', 'V17', 'V18', 'V19', 'V20', 'V21', 'V27', 'V28', 'Time_sin']"
CostSensitiveLearning_with_RandomUnderSampler___RandomizedSearchCV__niter_30__cv_5,9,10,METADES,generalization,39,2351,108,8,0.9537110933758979,0.2653061224489796,0.8297872340425532,0.4020618556701031,0.956079707198048,0.04392029280195198,0.8929334706203006,0.8906978925315151,0.4536851616871079,0.38456978570793443,0.9379872461561092,0.6740144078745327,4.268516302108765,2506,"[1, 2, 3, 4, 5, 6, 7, 8, 9, 10, 11, 12, 14, 16, 17, 18, 19, 20, 21, 27, 28, 29]","['V1', 'V2', 'V3', 'V4', 'V5', 'V6', 'V7', 'V8', 'V9', 'V10', 'V11', 'V12', 'V14', 'V16', 'V17', 'V18', 'V19', 'V20', 'V21', 'V27', 'V28', 'Time_sin']"
CostSensitiveLearning_with_RandomUnderSampler___RandomizedSearchCV__niter_30__cv_5,10,1,METADES,generalization,37,2420,40,10,0.9800558436378142,0.4805194805194805,0.7872340425531915,0.5967741935483871,0.983739837398374,0.016260162601625994,0.8854869399757828,0.8800190276441421,0.6060488728412529,0.5871620063893555,0.9316900190278498,0.6153827069703376,18.208484411239624,2507,"[0, 1, 2, 3, 4, 5, 6, 7, 8, 9, 10, 11, 12, 13, 14, 15, 16, 17, 18, 19, 20, 21, 22, 23, 24, 25, 26, 27, 28, 29, 30]","['Amount_log1p', 'V1', 'V2', 'V3', 'V4', 'V5', 'V6', 'V7', 'V8', 'V9', 'V10', 'V11', 'V12', 'V13', 'V14', 'V15', 'V16', 'V17', 'V18', 'V19', 'V20', 'V21', 'V22', 'V23', 'V24', 'V25', 'V26', 'V27', 'V28', 'Time_sin', 'Time_cos']"
CostSensitiveLearning_with_RandomUnderSampler___RandomizedSearchCV__niter_30__cv_5,10,2,METADES,generalization,40,2420,40,7,0.9812524930195453,0.5,0.851063829787234,0.6299212598425197,0.983739837398374,0.016260162601625994,0.917401833592804,0.9150002150439808,0.6442003390461127,0.620968961202307,0.958977685521536,0.686758247543427,5.164519309997559,2507,"[0, 1, 2, 3, 4, 5, 6, 7, 8, 9, 10, 11, 12, 14, 16, 17, 18, 19, 20, 21, 22, 24, 27, 28, 29, 30]","['Amount_log1p', 'V1', 'V2', 'V3', 'V4', 'V5', 'V6', 'V7', 'V8', 'V9', 'V10', 'V11', 'V12', 'V14', 'V16', 'V17', 'V18', 'V19', 'V20', 'V21', 'V22', 'V24', 'V27', 'V28', 'Time_sin', 'Time_cos']"
CostSensitiveLearning_with_RandomUnderSampler___RandomizedSearchCV__niter_30__cv_5,10,3,METADES,generalization,40,2412,48,7,0.9780614280015956,0.45454545454545453,0.851063829787234,0.5925925925925926,0.9804878048780488,0.019512195121951237,0.9157758173326414,0.9134865660091507,0.612839054539333,0.5823855978532466,0.9284163639508737,0.5643417321963058,1.5230510234832764,2507,"[1, 2, 3, 4, 5, 6, 7, 8, 9, 10, 11, 12, 14, 16, 17, 18, 19, 20, 21, 27]","['V1', 'V2', 'V3', 'V4', 'V5', 'V6', 'V7', 'V8', 'V9', 'V10', 'V11', 'V12', 'V14', 'V16', 'V17', 'V18', 'V19', 'V20', 'V21', 'V27']"
CostSensitiveLearning_with_RandomUnderSampler___RandomizedSearchCV__niter_30__cv_5,10,4,METADES,generalization,37,2291,169,10,0.9285999202233746,0.1796116504854369,0.7872340425531915,0.2924901185770751,0.9313008130081301,0.06869918699186994,0.8592674277806608,0.856242783244019,0.3548725467656453,0.2702099667104131,0.9434224182667358,0.2951621380778075,13.601086378097534,2507,"[0, 1, 2, 3, 4, 5, 6, 7, 8, 9, 10, 11, 12, 14, 15, 16, 17, 18, 19, 20, 21, 23, 24, 25, 26, 27, 28, 29]","['Amount_log1p', 'V1', 'V2', 'V3', 'V4', 'V5', 'V6', 'V7', 'V8', 'V9', 'V10', 'V11', 'V12', 'V14', 'V15', 'V16', 'V17', 'V18', 'V19', 'V20', 'V21', 'V23', 'V24', 'V25', 'V26', 'V27', 'V28', 'Time_sin']"
CostSensitiveLearning_with_RandomUnderSampler___RandomizedSearchCV__niter_30__cv_5,10,5,METADES,generalization,40,2396,63,8,0.9716792979656961,0.3883495145631068,0.8333333333333334,0.5298013245033113,0.9743798291988613,0.025620170801138653,0.9038565812660974,0.9011010992108772,0.5576621891397469,0.5171902166984477,0.9620526636844245,0.5952139455711224,10.890699863433838,2507,"[0, 1, 2, 3, 4, 5, 6, 7, 8, 9, 10, 11, 12, 14, 15, 16, 17, 18, 19, 20, 21, 23, 24, 27, 28, 29]","['Amount_log1p', 'V1', 'V2', 'V3', 'V4', 'V5', 'V6', 'V7', 'V8', 'V9', 'V10', 'V11', 'V12', 'V14', 'V15', 'V16', 'V17', 'V18', 'V19', 'V20', 'V21', 'V23', 'V24', 'V27', 'V28', 'Time_sin']"
CostSensitiveLearning_with_RandomUnderSampler___RandomizedSearchCV__niter_30__cv_5,10,6,METADES,generalization,41,2371,88,7,0.9621061029118468,0.3178294573643411,0.8541666666666666,0.4632768361581921,0.964213094753965,0.035786905246035006,0.9091898807103158,0.9075233799205092,0.5076378352746459,0.4478677655295522,0.9382921580588315,0.5631037900829887,6.292386531829834,2507,"[1, 2, 3, 4, 5, 6, 7, 8, 9, 10, 11, 12, 14, 16, 17, 18, 19, 20, 21, 27, 28, 29]","['V1', 'V2', 'V3', 'V4', 'V5', 'V6', 'V7', 'V8', 'V9', 'V10', 'V11', 'V12', 'V14', 'V16', 'V17', 'V18', 'V19', 'V20', 'V21', 'V27', 'V28', 'Time_sin']"
CostSensitiveLearning_with_RandomUnderSampler___RandomizedSearchCV__niter_30__cv_5,10,7,METADES,generalization,38,2363,96,10,0.957718388512166,0.2835820895522388,0.7916666666666666,0.4175824175824176,0.9609597397315982,0.039040260268401794,0.8763132031991324,0.8722154515681214,0.4585408867779847,0.4006855957240477,0.9146714450318557,0.6280657234841215,9.817720174789429,2507,"[1, 2, 3, 4, 5, 6, 7, 8, 9, 10, 11, 12, 14, 16, 17, 18, 19, 20, 21, 27]","['V1', 'V2', 'V3', 'V4', 'V5', 'V6', 'V7', 'V8', 'V9', 'V10', 'V11', 'V12', 'V14', 'V16', 'V17', 'V18', 'V19', 'V20', 'V21', 'V27']"
CostSensitiveLearning_with_RandomUnderSampler___RandomizedSearchCV__niter_30__cv_5,10,8,METADES,generalization,38,2424,35,9,0.9824421388667198,0.5205479452054794,0.8085106382978723,0.6333333333333333,0.9857665717771452,0.014233428222854783,0.8971386050375088,0.8927501107030147,0.6407193063400226,0.6247711479694273,0.9363475898349962,0.6486839251334322,6.009119272232056,2506,"[0, 1, 2, 3, 4, 5, 6, 7, 8, 9, 10, 11, 12, 13, 14, 15, 16, 17, 18, 19, 20, 21, 22, 23, 24, 25, 26, 27, 28, 29, 30]","['Amount_log1p', 'V1', 'V2', 'V3', 'V4', 'V5', 'V6', 'V7', 'V8', 'V9', 'V10', 'V11', 'V12', 'V13', 'V14', 'V15', 'V16', 'V17', 'V18', 'V19', 'V20', 'V21', 'V22', 'V23', 'V24', 'V25', 'V26', 'V27', 'V28', 'Time_sin', 'Time_cos']"
CostSensitiveLearning_with_RandomUnderSampler___RandomizedSearchCV__niter_30__cv_5,10,9,METADES,generalization,40,2386,73,7,0.9680766161213089,0.35398230088495575,0.851063829787234,0.5,0.9703131354209028,0.029686864579097194,0.9106884826040684,0.908734511903324,0.5369825112378626,0.48639384328453794,0.9519481193704412,0.4518226223762552,12.208086729049683,2506,"[0, 1, 2, 3, 4, 5, 6, 7, 8, 9, 10, 11, 12, 13, 14, 15, 16, 17, 18, 19, 20, 21, 22, 23, 24, 25, 26, 27, 28, 29, 30]","['Amount_log1p', 'V1', 'V2', 'V3', 'V4', 'V5', 'V6', 'V7', 'V8', 'V9', 'V10', 'V11', 'V12', 'V13', 'V14', 'V15', 'V16', 'V17', 'V18', 'V19', 'V20', 'V21', 'V22', 'V23', 'V24', 'V25', 'V26', 'V27', 'V28', 'Time_sin', 'Time_cos']"
CostSensitiveLearning_with_RandomUnderSampler___RandomizedSearchCV__niter_30__cv_5,10,10,METADES,generalization,42,2355,104,5,0.9565043894652833,0.2876712328767123,0.8936170212765957,0.43523316062176165,0.9577063847092314,0.04229361529076858,0.9256617029929135,0.9251068731565238,0.4930492901251116,0.4187396528023083,0.9644164294428628,0.5486983602498531,8.974984884262085,2506,"[0, 1, 2, 3, 4, 5, 6, 7, 8, 9, 10, 11, 12, 14, 16, 17, 18, 19, 20, 21, 24, 27, 28, 29]","['Amount_log1p', 'V1', 'V2', 'V3', 'V4', 'V5', 'V6', 'V7', 'V8', 'V9', 'V10', 'V11', 'V12', 'V14', 'V16', 'V17', 'V18', 'V19', 'V20', 'V21', 'V24', 'V27', 'V28', 'Time_sin']"
